"","s__Methanobrevibacter_smithii","s__Bifidobacterium_adolescentis","s__Bifidobacterium_bifidum","s__Bifidobacterium_longum","s__Adlercreutzia_equolifaciens","s__Collinsella_aerofaciens","s__Eggerthella_unclassified","s__Gordonibacter_pamelaeae","s__Bacteroides_caccae","s__Bacteroides_cellulosilyticus","s__Bacteroides_clarus","s__Bacteroides_dorei","s__Bacteroides_eggerthii","s__Bacteroides_faecis","s__Bacteroides_finegoldii","s__Bacteroides_fragilis","s__Bacteroides_intestinalis","s__Bacteroides_massiliensis","s__Bacteroides_nordii","s__Bacteroides_ovatus","s__Bacteroides_salyersiae","s__Bacteroides_stercoris","s__Bacteroides_thetaiotaomicron","s__Bacteroides_uniformis","s__Bacteroides_vulgatus","s__Bacteroides_xylanisolvens","s__Bacteroidales_bacterium_ph8","s__Barnesiella_intestinihominis","s__Coprobacter_fastidiosus","s__Odoribacter_laneus","s__Odoribacter_splanchnicus","s__Odoribacter_unclassified","s__Parabacteroides_distasonis","s__Parabacteroides_goldsteinii","s__Parabacteroides_johnsonii","s__Parabacteroides_merdae","s__Parabacteroides_unclassified","s__Paraprevotella_clara","s__Paraprevotella_unclassified","s__Paraprevotella_xylaniphila","s__Prevotella_copri","s__Alistipes_finegoldii","s__Alistipes_indistinctus","s__Alistipes_onderdonkii","s__Alistipes_putredinis","s__Alistipes_senegalensis","s__Alistipes_shahii","s__Alistipes_sp_AP11","s__Alistipes_unclassified","s__Streptococcus_parasanguinis","s__Streptococcus_salivarius","s__Streptococcus_thermophilus","s__Clostridiaceae_bacterium_JC118","s__Clostridium_asparagiforme","s__Clostridium_bolteae","s__Clostridium_citroniae","s__Clostridium_hathewayi","s__Clostridium_leptum","s__Clostridium_nexile","s__Clostridium_symbiosum","s__Clostridiales_bacterium_1_7_47FAA","s__Flavonifractor_plautii","s__Eubacterium_eligens","s__Eubacterium_hallii","s__Eubacterium_ramulus","s__Eubacterium_rectale","s__Eubacterium_siraeum","s__Eubacterium_sp_3_1_31","s__Eubacterium_ventriosum","s__Anaerostipes_hadrus","s__Blautia_hydrogenotrophica","s__Ruminococcus_gnavus","s__Ruminococcus_obeum","s__Ruminococcus_torques","s__Coprococcus_catus","s__Coprococcus_comes","s__Coprococcus_sp_ART55_1","s__Dorea_formicigenerans","s__Dorea_longicatena","s__Dorea_unclassified","s__Lachnospiraceae_bacterium_1_1_57FAA","s__Lachnospiraceae_bacterium_1_4_56FAA","s__Lachnospiraceae_bacterium_2_1_58FAA","s__Lachnospiraceae_bacterium_3_1_46FAA","s__Lachnospiraceae_bacterium_3_1_57FAA_CT1","s__Lachnospiraceae_bacterium_5_1_63FAA","s__Lachnospiraceae_bacterium_7_1_58FAA","s__Lachnospiraceae_bacterium_8_1_57FAA","s__Roseburia_hominis","s__Roseburia_intestinalis","s__Roseburia_inulinivorans","s__Roseburia_unclassified","s__Oscillibacter_unclassified","s__Clostridium_bartlettii","s__Peptostreptococcaceae_noname_unclassified","s__Anaerotruncus_colihominis","s__Anaerotruncus_unclassified","s__Faecalibacterium_prausnitzii","s__Ruminococcaceae_bacterium_D16","s__Ruminococcus_bromii","s__Ruminococcus_callidus","s__Ruminococcus_lactaris","s__Ruminococcus_sp_5_1_39BFAA","s__Subdoligranulum_sp_4_3_54A2FAA","s__Subdoligranulum_unclassified","s__Coprobacillus_unclassified","s__Clostridium_ramosum","s__Erysipelotrichaceae_bacterium_21_3","s__Erysipelotrichaceae_bacterium_6_1_45","s__Eubacterium_biforme","s__Holdemania_filiformis","s__Holdemania_unclassified","s__Phascolarctobacterium_succinatutens","s__Dialister_invisus","s__Veillonella_atypica","s__Veillonella_dispar","s__Veillonella_parvula","s__Veillonella_unclassified","s__Burkholderiales_bacterium_1_1_47","s__Oxalobacter_formigenes","s__Parasutterella_excrementihominis","s__Sutterella_wadsworthensis","s__Bilophila_unclassified","s__Bilophila_wadsworthia","s__Desulfovibrio_desulfuricans","s__Desulfovibrio_piger","s__Escherichia_coli","s__Escherichia_unclassified","s__Klebsiella_pneumoniae","s__Haemophilus_parainfluenzae","s__Pseudomonas_unclassified","s__Akkermansia_muciniphila","s__C2likevirus_unclassified"
"PD.10.HC",0,0,0,0.05905,0,0,0,0,5.12132,0,0,0,0,0,0,33.05176,0,0,0,28.51438,0,0,12.49523,0,0,0,0,0,0,0,0,0,0,0,0,0,0,0,0,0,0,0,0.4592,0,0.22095,0,0,0,0,0,0,0,0,0,0,0,0,0,0,0,0,0.23009,0.27411,0.38424,0,1.9791,0,0,0,0.00295,0,0.0477,0.07584,2.86416,0,0.28606,0,0.06283,0.23729,0,0,0,0,1.3966,0,0,0.10839,0,0.07633,0.57076,0.8486,0,0.56262,0,0,0,0,3.28466,0,0,0,0.02319,0,0,1.94275,0,0,0,0,0,0,0,0,1.16805,0,0,0,0,0.37946,0,0.2338,0,0,0,0,0,0,0,0,0.07374,0,0,0
"PD.10.PC",0,0.65431,0,0,0,0.05379,0,0,1.94616,0,0,0.55999,0,0,2.61036,0,0,6.3913,0,8.4389,0,0,0,13.84562,7.4462,0,0.34717,4.46116,0,0,1.09762,0,0,0,0,0,0.88183,0,0,0,0,1.60314,0.06236,3.34625,5.61096,0.04818,0.97639,0,0,0,0,0.04658,0,0,0,0,0,0.01067,0,0,0,0,1.24686,0.03367,0,2.24764,0,0,0,0,0,0,0.51471,0.29181,0.01807,0.3731,11.07192,0.00199,0.04373,0.10966,0,0,0,0,0,0,0.00981,0,0.78104,3.90745,0.34553,0,0.29315,0.03798,0.14321,0,0,5.01249,0,6.07138,1.5004,0,0,0,2.13677,0,0,0,0,0,0,0,0,0.01489,0,0,0,0,0,0,0,1.63202,0.04183,0,0,0,0,0,0,0.50702,0,1.09851,0.01063
"PD.10",0,0.76581,0,0.06951,0,0.25491,0,0,4.42012,0,0,1.825,0,0,0,1.87436,8.50215,0,0,0.98358,0,0,1.65916,4.70762,20.56939,0,0,1.07991,1.55591,0,0,0,0,0,0,0,4.07271,0,0,0,0,0,0,0.62659,0,0,0,0,0.04603,0,0.0034,0,0,0,1.2432,0,0,0,0,0,0,0.04432,2.16792,0.02889,0.33241,1.43288,0,0,0.03773,0.02916,0,0,0.1689,0.23481,0.02107,0.23839,0,0.05838,0.5369,0,0,0,0,0.81151,0,0.79527,0.177,0.04043,0.43238,0,0.14221,0,0.54581,0,0,0,0,2.61265,0,0.34541,0,0,0,0,0.96526,0,0,0,0,0,0,0,0,0,0,0,0.05624,0.0211,0.63639,0,1.05072,0,0,0,0,0,0,0,0,0,0,0,0.0114
"PD.11.HC",0,0,0,0,0,0.02729,0.01033,0,6.66429,0,0,9.67712,0,0.01735,0,0,0,0,0,18.91434,0,0,3.44481,0,19.69269,3.4382,0,0,0,0,0,0,0,0,0,8.02682,0,0,0,0,0,1.57543,0,0,14.91201,0,0,0,0,0,0,0.25111,0,0,0,0,0,0.03684,0,0,0,0.00286,0.08025,0,0,0.63721,0.67042,0,0,0.00292,0,0,0.03574,1.67497,0,0,0,0.07027,0,0,0,0,0,0.06741,0,0.03128,0.1026,0,0.64992,0.06971,0.35463,0,1.01196,0,0,0,0.06843,0.93351,0,0.64323,0,2.96384,0,0,0.6795,0,0,0,0,0,0.0652,0,0,0.77767,0,0,0,0,0.04513,0,0.0561,0,1.11052,0.08853,0,0,0,0,0,0,0,0.31764,0
"PD.11.PC",0,0.0429,0,0.07561,0,0.10891,0,0,0,0,0,0,0,0,0,0,0,0,0,0,0,29.68418,0,41.93009,0,0,0,0,0,0,0,0,0,0,0,0,11.31083,0,0,0,0,0.36799,0,1.40261,2.54392,0,0.60201,0,0,0,0,0,0,0,0,0,0,0,0,0,0,0,1.5388,0.11631,0.0092,2.40878,0,0,0,0.05648,0,0,0.12762,0.33743,0.0524,0.09635,0,0.0163,0.03123,0,0,0,0,0,0,0.01931,0,0.05464,1.27749,0,0.01088,0,0.07284,0,0,0,0,3.00426,0,0,0,0.602,0,0,1.57539,0,0,0,0,0,0,0,0,0,0,0,0,0,0,0,0,0,0.12223,0,0,0,0,0,0,0.00974,0,0,0
"PD.11",0,0,0.104,0.04821,0,0.23626,0,0,0,0,0,40.6249,0,0,0,0,0,0,0,0,0,0,13.89281,0,0,0,0,0,0,0,0,0,0,0,0,31.4132,0,0,0,0,0,0,0,0,0,0,0,0,0,0.10398,0.47649,0,0,0,0.02666,0,0,0.05273,0.06318,0,0,0.01943,0,0.66674,0,1.27465,0,0,0,0.17515,0,0.07822,0.0178,0.06742,0,0,0,0.01058,0,0.07096,0,0,0,0,0,0.12149,0,0,0,0.08732,0.76737,0,0.42904,0.03269,0,0.02958,0,1.48996,0,0,0,0,0,0,0.56124,0,0,0,0,0,0.03167,0,0,0.74724,0.00943,0.0526,0.09858,0.16155,0,0,0.23174,0,0,0,0,0,0.18895,0.16853,0,0,0,4.73997,0
"PD.12.HC",0,0,0,0.00559,0,0.09993,0,0,1.17098,4.97078,0,0.01176,0,0.03645,0,0.21985,0,0,0.07126,3.80914,0,4.58597,0.88531,8.57115,4.31839,0.02865,0,0,0,0,0,0.21629,0,0,0,0,1.66938,0,0,0,18.69718,0.60714,0.73677,8.76672,9.63664,0,0,0,0,0,0.00999,0,0.00603,0,0,0,0,0,0,0,0,0,1.73802,0.13047,0,3.30484,0,0,0.10857,0.38157,0,0,0.24984,0.48254,0,0.02388,1.04856,0.06209,0.093,0,0,0,0,0.03262,0,0.10691,0.03058,0,0.06639,0,0.10626,0,0.32277,0,0.07491,0,0,1.26307,0,0.43158,0,1.17357,0,0,13.7618,0,0,0,0,0.14311,0,0,0,0,0,0,0,0,0.25414,0.0094,0.34882,0,0.05578,0.07463,0,0,0.05709,0.06592,0,0,0,4.83955,0.02637
"PD.12.PC",0,0.2589,0,0.00526,0,0,0,0,3.19573,2.59081,7.64149,0.18659,0,0,1.18811,0,0,3.39783,0,1.9278,0,1.09296,0.29977,11.68507,3.69693,0.05818,0.69631,0.38787,0,0,1.44817,0,0,0.15458,0,1.02411,0.87458,1.19771,4.72761,0,0,0.03956,0.26998,2.60202,3.56211,0.21474,1.08636,0,0,0,0,0,0,0,0,0,0,0,0,0,0,0,4.72272,0.72278,0,1.58744,0,0,0,0.00667,0,0,0.19035,0.42145,0.17831,0.14885,0,0.05914,0,0.3025,0,0,0,0.01033,0,0.1308,0.28231,0,1.03355,0,0.45936,0.9205,0.01057,0,0.26169,0,0,7.63957,0,0,0,0,0,0,2.40389,0,0,0,0,0,0,0,0,0.60686,0,0,0,0.03825,0,0,0,5.37211,0,0,0,0,0,0,0,0.37188,0.30872,1.48619,0
"PD.12",0,0,0,0,0,0,0.08916,0,1.52063,0,0,0,0,0,0,0,0,0,0.72052,19.93025,0,0.0064,0,1.99994,50.18566,0,0,0,0,0,0,0,0,0,0,0,0,0,0,0,0,0,0.1588,0.07323,14.36142,0,0,0,0,0,0,0,0,0.23772,0.04912,0,0.0269,0,0,0.03549,0,0,0.02947,0.01451,0,0.07343,0,0.02074,0.01446,0.11599,0,0.13923,1.416,1.38619,0,0,0,0.15152,0.04353,0,0,0,0,0,0.01958,0.02589,0.10657,0,0,0.23198,0.05685,0.04276,0.59109,0,0,0.0173,0,0.05661,0.01984,0.40014,0,0.02728,0,1.11299,4.09702,0.17128,0.06522,0,0,0,0,0,0,0,0,0,0,0,0.01534,0,0.0197,0,0,0,0,0,0,0,0,0,0,0,0
"PD.13.HC",0.01662,0,0,0,0,0.03927,0,0,1.98105,2.42424,0,0,0,0.08784,2.32584,0.09051,0,0,0.16439,2.12536,0,0.45471,1.83167,4.19395,1.20229,0,0.36505,1.15075,0,0,1.00883,0,0,0.50434,0,1.67887,0,0,0,0,38.10191,0.0265,0,0.28249,6.57121,0.0957,0,0,0,0,0.0541,0,0,0,0,0,0,0,0,0,0,0,3.15465,0.24397,0.01077,6.02442,11.64236,0,0.03836,0,0,0,0.23308,0.53184,0.00226,0.10916,0,0.08709,0.29417,0,0.27324,0,0,0.03917,0,0.00268,0,0,0.17848,1.35562,1.93547,0,0.06736,0,0,0,0,1.87431,0,0.13923,0,0.02266,0,0,1.66709,0,0,0,0,0.31608,0,0,1.29406,0,0.03308,0,0.03688,0.04448,0,0,0,0.20312,0,0,0,0,0,0.03615,0,0.26281,0.12986,0.13857,0
"PD.13.PC",0.00945,0,0,0,0.03317,0.04212,0,0,2.17418,21.95161,0,8.08134,0,0,0,0,0,2.84451,0,0.43579,4.49373,3.17069,0.4309,5.76817,8.31296,3.63339,1.26767,4.94377,0,0,0.70851,0,0.72135,0,0,3.53852,0,0,0,0,0,0.32667,0.23126,1.61781,14.54211,0.18007,0.76443,0,0,0,0,0,0,0,0,0,0,0,0,0,0,0,0.90298,0,0,0,0,0,0,0,0,0,0.11489,0.17768,0.0937,0.10325,0,0.02319,0.35673,0.17278,0,0,0,0,0,0,0.02014,0,0.05861,0,0,0.28021,0.33978,0,0,0,0.164,1.1692,0,0,0,0,0,0,3.12248,0,0,0,0,0,0,0,0.02272,0,0,0,0,0,0.10613,0,0.103,0,0.21986,0.02979,0,0,0.27289,0.05321,0,0,0,1.8049,0
"PD.13",0.05804,0,0,0,0,0.13854,0,0,0,1.62952,0,0,0,0,0,0.59077,7.45222,0,0.32994,1.80542,0,1.50694,1.26042,11.64859,3.65096,0.88328,0.14968,1.40003,0,0,3.12152,0,0.22912,1.12499,0,1.53445,2.32545,0,0,0,0,0.18853,0,0.26494,5.43993,0,0,0,0,0,0,0.10552,0,0,0,0,0,0,0,0,0,0,2.01233,0.29756,0,7.79285,22.09856,0,0,0.35753,0,0,0.14444,1.14028,0.02095,0.24112,5.60086,0.13172,0,0,0,0,0,0.24113,0,0.10628,0.05353,0.92452,1.50471,0.03031,0.70475,0,0.59761,0,0,0,0.09143,2.64785,0.00394,0.01013,0,1.43897,0,0,2.28518,0,0,0,0,0,0,0,1.84911,0,0.01969,0,0,0.04081,0.3015,0,0.18201,0,0,0,0,0,0,0.11627,0,0,0,0.17325,0
"PD.14.HC",0,0,0,0,0,0,0.07552,0,0,0,0,0,0,0,0,11.86992,28.25124,0,0,0,0,0,24.884,0,0,0,0,0,0,0,0,0,0,0,0,0,0,0,0,0,0,1.20294,0,0,0,0,0,0,7.07453,0,0,0,0,0,0.42509,0.02488,0.08459,0.00257,0.24991,0.00837,0.02966,0.17785,0,0,0.00924,4.00579,7.05049,0.36626,0,0,0,0.69427,0,1.21489,0,0,0,0,0,0,0,0,0,0,0.01676,0.04465,0.11661,0,0.24803,1.28896,0.59141,0,3.23464,0.05469,0,0,0,1.49116,0,2.02242,0.35459,0,0,0,1.56851,0,0,0,0,0,0,0.01248,0,0,0,0,0.40428,0.05739,0,0,0,0,0.68115,0.09687,0,0,0,0,0,0,0,0,0
"PD.14.PC",0,0,0,0.0704,0,0,0,0,0.34211,5.93138,0,1.17899,0,2.16782,1.0846,0,0,0,0.02447,3.77638,0,25.87613,0.02212,5.60289,2.52262,0.05726,0.33478,7.31731,0,0,1.37961,0,2.92215,0,0,5.358,0.90744,0,0,0,0.00589,0.00648,0.0017,2.66144,15.17367,0.03278,0.49538,0,0,0,0,0,0,0,0,0,0,0.01941,0,0,0,0,0,0.14111,0,0,0,0.00418,0,0.01402,0,0.06602,0.10171,0.45745,0,0,0,0,0.17301,0,0,0,0,0.00289,0,0.07564,0.07892,0,0.2643,0.95358,3.62832,0,0.4716,0,0,0,0,2.39191,0,1.92854,0.94595,0.01963,0,0,2.28013,0,0,0,0,0,0,0,0,0,0,0,0,0.01362,0,0,0.00402,0,0,0,0,0,0,0,0,0.0823,0,0,0
"PD.14",0,0,1.61459,0.313,0,1.1657,0.00688,0.13082,3.16912,0.73722,0,0.17895,0,0,0,0.43283,0.9114,0,0,0.34667,0,0,0.48441,3.94917,1.27375,0,0.18418,6.76863,0,0,0,0.04456,0.25038,0,2.04246,0,0,0,0,0,0,0.22993,0.06451,0.22499,2.82108,0.02987,0.67513,0,0,0.08137,0.33319,0,0,0.02897,0.10201,0.00382,0.28096,0.66616,0,0,0,0.01655,1.25952,0.03226,0,1.40767,0.03683,0,0.41077,0.30056,0.04607,0.03657,0.39435,0.34753,0.34752,0.02198,0,0.19508,1.58386,0,0.02994,0,0,0,0.06232,0.67266,0.02144,0.39394,0.65616,0,0,0,0.7499,0.20303,0,0.01313,0.11054,0.54376,0.97507,16.93901,0,0,0,0,11.82208,0,0,0,0,0,0,0,0.07313,0,0,0,0,0,0.68653,0.13602,0.22055,0,1.61982,0.27687,0.33922,0,0.04439,0.07373,0,0,0.10524,26.322,0
"PD.15.HC",0.71785,0,0,0.17458,0.21039,0.40206,0.09473,0,0,4.66738,0,9.12195,0,0.56854,0,0.02167,0,3.79991,0,1.22042,0,0.90632,1.5069,30.78783,0.03729,0.17309,1.15241,3.04389,0,2.97507,0,0,0.52908,0,0,0.1679,0.29294,0,0,0,0,1.15382,0.32843,0,0,0,0,0,4.26162,0,0,0.1758,0,0,0,0,0.03816,0.18553,0,0,0,0,1.4778,0.08525,0.00533,9.88932,0.39785,0,0,0.0257,0,0,0.60415,2.89685,0.19651,0.38823,0,0.0974,0.47428,0,0.31267,0,0,0.27884,0.06726,0.05944,0,0,1.07541,0.11729,0.14504,0,0.01323,0.03168,0.09914,0,0,0.69624,0,2.9616,0.00757,1.06584,0,0,5.29392,0,0,0,0,0,0,0,0,0,0,0,0,0.00596,0,0,0,0.01769,0,0,0,0,0.10305,0.02584,1.241,0,0,0.93068,0.00767
"PD.15.PC",0,0,0,0,0,0.14812,0,0,0,0,0,6.85841,20.65057,0,0,0,0,0,0,0,2.63653,0,0,36.16471,17.44458,0,0,0,0,0,0,0,2.17944,0,0,0,0.07406,0,0,0,0,0,0,0,0,0,0,0,0,0,0.02375,0,0,0.06994,0.02134,0.0142,0,0,0,0.00483,0.19406,0.00226,2.62977,0,0,1.90207,0,0,0,0.0432,0,0,0.18906,0.43497,0,0.06127,0,0.06562,0.12568,0.20515,0,0,0,0.03957,0,0.14438,0.1553,0,0.08094,0.26345,0.09239,0,0.90854,0.06006,0,0,0,2.3012,0.17615,0,0,0,0,0,1.43049,0,0,0,0,0,0,0,0,0,0,0,0,0.02371,0,0,0,0,0,0,0,0,0,0,0,0,0,2.18024,0
"PD.15",0,0,0,0.33238,0,0.06553,0,0,0,0,0,23.27757,0,6.16163,0,3.52808,0,0,0,5.25756,0,0,0.05547,19.38794,0.73727,0,0,4.8576,0,0,0,0,10.16129,0,0,6.17667,0,0,0,0,0,0,0,8.11462,0,0,0,0,0,0,0.02055,0.16211,0,0,0,0,0,0,0,0,0,0.04797,2.31976,0.02832,0.00213,2.44138,0.04185,0,0,0,0,0,0.09141,0,0,0,0,0.05952,0.1273,0.11095,0.10429,0,0,0.02359,0,0.03562,0.02303,0.13071,0.22387,0.06472,0.17748,0,0.4673,0.04581,0.25866,0,0,1.95678,0.01317,0,0,0.01577,0,0,1.53706,0.02013,0,0,0,0,0,0,0,0,0,0.08158,0.07588,0.262,0.17156,0,0.39587,0,0,0,0,0,0.05902,0.04098,0,0.24826,0,0,0
"PD.16.HC",0,0,0,0,0.0021,0,0.05352,0,2.22488,0,0,5.53496,0,0,0,0,0,2.42353,0,0.00832,4.65594,6.73026,2.00552,13.59228,7.90081,0.65129,0,0.77448,0,0,0,0.11024,0,0,4.41446,0,0,0,0,0,0,0.16835,0.36589,0,9.78187,0.40938,3.5411,0,0,0.01507,0.10512,0,0,0,0.01293,0,0.02249,0.02767,0,0.00182,0,0,1.59471,0.48709,0.21874,2.552,1.88227,0,0,0.00258,0,0.00851,0.54924,1.38375,0.06884,0.08383,0,0.24835,0.2601,0,0,0.02768,0,0.20572,0,0.03601,0,0,0.13714,0.22295,0.97343,0,0.22113,0,0,0,0,4.06771,0,1.52747,0,1.64602,0,0,4.94392,0,0,0,0,0,0.0031,0,0,0,0,0,0,0,0.1676,0,0,0,0.39263,0,0,0,0.05954,0,0,0,0,7.94524,0.22533
"PD.16.PC",0,0.13105,0.43797,0.06579,0,0.19796,0,0,6.42453,5.6784,0,2.06095,0,0,0.42884,0,1.09419,2.94537,0,4.30852,0,2.05532,4.74221,3.12892,0.74402,0.79033,5.42905,5.06166,0.06354,0,0.85831,0,2.67828,0,0,3.22331,0,0,0,0,2.18568,0.0073,0,6.1251,0.05463,0,0.59611,1.3548,0,0,0.05766,0,0,0,0,0,0,0,0,0,0,0,1.27985,0.45479,0.08327,2.45193,15.56713,0,0.00492,0.01938,0,0,0.52446,0.54256,0.02883,0.26461,0,0.10107,0.30056,0,0,0,0,0.38674,0,0.06126,0.02435,0.30751,4.13629,0.04278,0,0,0.05977,0,0.11229,0,0.0691,2.99806,0.03386,2.02246,0,0,0,0,4.60016,0,0,0,0,0,0.01407,0,0,0,0,0,0,0,0.13116,0,0.1102,0,0.25302,0,0,0,0,0,0,0.06308,0,0,0
"PD.16",0.91709,2.74141,1.67561,1.07943,0.19146,0,0.37821,0.01074,1.5204,0,0,1.17943,1.00169,0,0,0,0,2.4937,0.04742,0.44805,0,1.29421,2.38001,10.40256,0.08984,0.15282,1.17709,0,0,0,0,0,0.31659,0,0,2.03829,0,0,0,0,0,1.1517,0.24218,0.20642,3.89885,0.16626,0.1495,3.02661,0,0.87855,2.41728,0.07279,0.08012,0.02116,0.12954,0.01316,0.05489,0.25032,0,0.07279,0,0,0.12173,0,0,0,0,0,0,0,0,0,0,0.39629,0.08741,0,0,0,0.59256,0,0,0,0,0.0244,0.37952,0,0.0107,0,0.06047,0.00367,0.00496,0,0.78174,0.09165,0.08731,0.15281,0,0.6277,0,1.8642,0,0,0,1.26124,12.63434,0.00863,0,0,0,0,0,0,0,0.37052,0,0,0,0,0,0.12208,0,0.01135,0.1203,0,0,0,0.06236,0.05519,0,0,0,31.97185,0
"PD.17.HC",0.09379,2.35728,0,0,0,0.02497,0,0,0.93826,2.93731,0,5.77194,0,0.18095,0.31594,0,0,3.97655,0,0.98121,0,1.74677,0.15423,16.10471,6.83572,0,1.03484,0.55447,0,0,1.14617,0,1.01856,0,0,1.23743,0,0.65724,3.4739,0.16835,0,0.2304,0.13339,0.05714,7.12861,0.19307,3.20349,0,0,0,0.00723,0,0,0,0,0,0,0,0,0,0,0,4.69455,0.63106,0.01978,0,0,0,0,0.00691,0,0,0.16621,0.34741,0,0,3.68391,0.0583,0.06935,0,0,0,0,0.36783,0,0.05858,0,0.12519,1.05714,1.82272,1.66877,0,0.39569,0,0,0,0.08726,3.55235,0.04074,1.58138,0.07916,0.39556,0,0,6.89084,0,0,0,0,0,0,0,2.26906,0,0,0,0,0,0,0,0,1.20769,0,0,0,0.05277,0,0,0,0,0,5.97497,0
"PD.17.PC",0.26105,0,0,0,0,0.05643,0,0,0.35633,2.69599,0,0.47983,0,0,0.51971,0,0.47716,0,0,2.7205,0,1.40408,0.20183,1.22144,3.08973,0.10302,1.13908,4.18515,0.37851,0,0.84159,0,5.30649,1.32555,0,2.19979,0,0,0,0,0,0,0.35587,0.08955,5.41939,0.16646,3.50203,0,0,0,0,0,0,0,0,0,0,0,0,0,0,0,3.44783,0.03749,0.13557,16.38299,0,0,0,0.07095,0,0,0.05992,1.7164,0.14865,0.23981,0,0.13151,0.19417,0,0,0,0,1.19997,0,0.06833,0.08288,0.57985,0.45652,0,0.01216,0.56469,0.31706,0,0,0,0.07424,4.00121,0,0,0,2.90725,0,0,4.89504,0,0,0,0,0,0,0,0,0,0,0,0,0,0,0,0.00272,0,0.1848,0.00303,0,0,0,0,0.12655,0,0,8.64786,0
"PD.17",0.1818,1.74845,0,0.24807,0,0.05384,0,0,2.71757,1.04184,0.00603,0,23.50718,0,0.70197,0,0.09375,0.22495,0,0.05854,0,4.24262,0.42713,8.94976,2.36851,0.15404,2.9494,2.59065,0,0.76562,0.39573,0,0.0108,0.25234,0,0.57945,0.1897,0,0.37602,1.51062,0,4.30498,0.11996,13.67145,4.73731,0,1.7991,0,2.70007,0.03333,0.26124,0.01122,0,0,0,0,0,0,0,0,0,0,0.74911,0.21331,0.00546,2.17832,1.43252,0,0.27847,0.15815,0,0,0.16862,0.05741,0.01254,0.29598,0,0.17246,0.63491,0,0,0,0,0.47765,0,0.03159,0,0,0.30977,0.31455,0.23039,0,0.44536,0,0,0,0,2.42821,0,0,0.21443,0,0,0,2.65517,0,0,0,0,0,0,0,0,0,0.05685,0,0.04027,0.08357,0,0,0,0.40151,0.08721,0,0,0.00519,0,0,0,0.07163,0,1.73186,0
"PD.18.HC",0.85328,0,0,0,0,0.37975,0,0,0.88427,0,0.02793,0.46145,0,0,0,0.21789,0,2.10312,0,2.37179,0,17.69939,0.95818,15.7791,3.29228,0,0.35666,5.1091,0.15155,0.72762,0,0.34972,1.51818,0,0,0,0.57072,0,0,0,0,0.40896,0.4222,1.19615,10.4759,0.03385,2.39209,0,0,0,0,0,0,0,0,0,0,0,0,0,0,0,2.38389,0.16071,0,4.65382,1.08139,0,0.13836,0.11492,0,0,0.08688,0.41086,0.02664,0.11588,0,0.04799,0.25449,0,0.05314,0,0,0.22673,0,0.04201,0.20616,0.18629,0.14858,0.11668,0.11969,0.03922,0.02256,0.0195,0.08254,0,0,1.82397,0,0,0,0.29316,0,0,3.97762,0,0,0.02378,0,0,0,0,0,0,0,0,0,0,0.00935,0,0.02245,0,0.06368,0,0,0,0,0,0,0,0,0.64949,0.03592
"PD.18.PC",0,0,0,0,0.01286,0,0,0,0,0,0,9.78907,0,0,0,0,0,8.31341,0.66134,2.81064,0,12.88385,1.14304,20.01685,5.88219,0.29265,0.10033,3.37543,0,0,0,0.13758,0,0,0,0.31063,3.73651,0,0,0,0.87603,0.01189,0.15101,0.2902,3.28483,0,2.09927,0,0,0,0,0,0,0,0,0,0,0,0,0,0,0,2.53901,0,0.04143,0,12.30843,0.01482,0,0,0,0,0.03413,0.66555,0.02542,0.00811,0.96825,0.13463,0.02718,0,0,0,0,0.19612,0,0.00808,0.09999,0.24801,1.15159,0.02283,0.07035,0.15054,0.02602,0.05683,0.01205,0,0,1.59744,0,0,0.70051,0,0,0,0.3762,0,0,0,0,0,0,0,0.77186,0,0,0,0,0,0,0,0,0,0.01562,0,0,0,0,0,0,0,0,0.97016,0
"PD.18",0.734,0.69025,0,0.05154,0,0.80721,0,0,2.24733,0.28527,0.01308,0.18542,0,0,0,0,0,1.65297,0,0.59687,0,1.21997,0.32268,9.92439,0.94854,0,4.31767,6.22387,0,0.00533,0,0.77986,1.36428,0.59616,0,2.47287,0,0,0,0,0.85036,1.97883,0.64474,5.91749,9.45105,0.04796,4.00053,1.43124,0,0,0,0,0,0,0,0,0,0,0.03631,0,0,0,0.58669,0.15778,0.03436,0.29669,1.02914,0,0,0.02175,0,0,0.49574,0.30582,0.08213,0.05457,0,0.05169,0.2491,0,0,0,0,0.26294,0.01112,0.04805,0.12582,0,0.40371,0.09267,0,0,0.08061,0.01132,0.21655,0,0,0.94497,0,2.95782,0,0.03009,0,0,9.61754,0,0,0.00861,0,0,0,0,0,0,0,0,0.03678,0.0364,0.10338,0,0.03414,0,0.02879,0,0.03959,0,0,0.02495,0,0.02047,0.08961,17.48976,0.32973
"PD.19.HC",0,0.89751,0,0.53311,0,0.25514,0,0,2.26653,0.16612,0,0.13537,3.33277,1.65467,3.93926,0,0.67726,0,0.04461,0.08907,0,6.15782,0.0977,18.24177,15.49709,0.04962,0.22664,0.59552,0.35152,0.24329,0.78459,0,0,0,0,0,1.53012,0.70396,1.80787,0.03771,0,0.017,0.17769,3.1044,6.61986,0.04517,0.46198,0,0,0,0,0,0,0.0069,0.0077,0,0,0,0,0,0,0,0,0.658,0,10.7295,0,0,0.7508,0.17856,0,0.01537,0.12017,0.52873,0.03984,0,0,0.28707,0.35348,0,0,0,0,0.19906,0,0.30924,0.03841,0,0.24653,0.19358,0.1901,0,0.22086,0,0,0,0,1.90754,0,0,0,0.29137,0,0,0.74522,0,0,0,0,0,0,0,0,0,0,0,0,0.01692,0,0,0,0,1.15618,0.03434,0,0,0.01865,0,0,0,0,4.42288,0
"PD.19.PC",0,0,0,0.02328,0,0.07013,0,0,0,6.4146,0,3.28608,0,0,0,5.12859,0,0,0,14.74298,0,0,0,0,0,0,0,5.6913,0,0,0,0,0,0.5369,0.22795,1.25104,10.15962,0,0,0,0,0.0891,0,0.70957,5.22109,0,1.51588,0,0,0,0,0.03413,0.0804,0,0,0,0,0,0,0,0,0,0,0.0205,0,3.0341,1.9676,0,0,0.35503,0,0.32697,0.03032,0.22195,0,0.10631,0,0.08235,0.22058,0,0,0.08753,0.06361,0.77677,0,0.2993,0.07946,0.75728,0.22368,5.44161,0.09152,0,0.29549,0.01801,0,0,0,4.20564,0,0,0,0,0,0,0.39347,0,0,0,0,0,0.00413,0.02191,0,0,0.00155,0.04856,0.02577,0.11388,0,0,0,7.00173,0.22978,0.05382,0,0,0,0.02263,0,0.03813,0,4.55572,0
"PD.19",0,1.33285,0.84377,0.02462,0.00843,0,0.01099,0,4.79236,0,0,7.84776,6.66074,0,0,0,0,0,0,1.80496,0,0,0,27.38047,5.11193,0.07361,0,0,0,0,0,0.07805,0,0,0,3.91261,0,0,0,0,0,0.28106,0.09008,0.51541,3.65894,0.08492,1.99866,0,0,0.02023,0.0905,0,0,0.06722,0.02718,0,0,0.13121,0,0,0,0,0.21437,2.42337,0.22669,3.94303,1.77228,0.05342,0,0,0,0,0.24375,0.86152,0,0.50866,0,0,0.57207,0,0.39341,0,0,0.14334,0,0,0.07728,0,0.55075,0.19242,0.20658,0.26663,0.29441,0.00175,0,0,0,1.47929,0.04671,2.6607,0.16266,0,0,0,3.43263,0,0,0,0,0,0.03197,0,0,0,0,0,0,0,0,0,0,0,0.79933,0.04531,0.02205,0,0,0,0,0,0,4.96246,0
"PD.1.HC",0.24274,0,0,0,0,0.60536,0.10712,0,0,0,0,0.00171,0,0,0,0,0,5.40975,0,0,0,0,2.2736,9.2297,7.10753,0,0.69404,2.3144,0,0,0,0,6.53782,0,0,0.27978,0.87532,0,0,0,0,0.55196,0,4.64968,6.16795,0,2.92854,0,0,0,0,0,0,0.2812,2.37122,0.01405,0.0845,0.50825,0,0.61331,0.04869,0,0,1.40326,0,15.90042,0,0.55975,0,0,0,0,0.09699,2.3174,0,0,0,0,0,0.12533,0,0,0,0.71521,0.11625,0.32125,0.03728,0,0.26377,0,0.30961,0.58622,0.65104,0,0,0.03094,0.15399,1.21071,0.76878,9.95865,0,0,2.44089,0,3.87016,0,0,0,0,0,0.04008,0,0,1.2055,0,0,0,0,0.46043,0,0.159,0,0.69322,0.05736,0,0,0,0,0,0,0,0,0
"PD.1.PC",0,0,0,0,0.02083,0,0,0,0.27303,0,0,3.09351,10.32201,0,2.55109,0,0,4.411,0.02177,0.47152,0,0,2.50832,8.32488,4.20574,0.78663,0.82818,5.51122,0,3.36209,0,0,0,0,1.23151,0,3.02626,0,0,0,0,0.04924,0.09967,1.3486,17.98795,0,1.43587,0,0,0,0,0.0288,0,0.18017,0.08059,0.02523,0,0.27957,0,0.01817,0,0,0.29182,0.34281,0,4.47974,6.2425,0,0,0,0,0,0.39323,0.77074,0.15402,0.59291,0,0.06445,0,0,1.9609,0,0,0.17486,0,0.11025,0.04367,0,0.23094,0,0.14231,0,0.51253,0,0,0.0036,0,4.03755,0.12395,0,0,0,1.67565,0,2.32539,0,0,0,0,0,0,0,0,0,0,0,0,0,0.00687,0,0,2.2385,0.28595,0,0.31144,0,0,0,0,0,0,0,0
"PD.1",0.12708,0.25628,0,0,0,0.22139,0,0,0.76488,0.78575,0,0.24069,0,0.01878,0,0,2.05633,0,0,1.05442,0.71322,0,1.85043,14.33444,1.39128,0.055,0.66747,2.53192,0,0,0.29382,0,1.93207,0.14379,0,0.7883,0.19303,0.23698,0.62805,0.01516,1.44594,0.18623,6.69909,0.13551,0,0.56062,2.12583,0,0,0.04307,0.15188,0,0.01878,0,0,0,0,0,0,0,0,0,0.37392,0.14033,0,3.5124,19.68051,0,0,0.00351,0,0,0.37595,0.61161,0.07424,0.1292,0,0.12852,0.21667,0,0,0,0,0.04023,0,0.09317,0.1045,0.06303,0.30513,0.08384,0.62772,0,0.61932,0,0,0,0,4.11528,0,0.10061,0,1.7097,0,0,3.73709,0,0,0,0,0,0.11459,0,0,0,0,0,0.00453,0,0,0.16569,0,0,0.36207,0.06075,0,0.28357,0,0.02268,0,0,0.08146,13.3441,0
"PD.20.HC",0,0,0,0.26405,0.03251,0.03546,0,0,0,1.21943,0,9.04061,0,0,0,0,0,0,0.34507,1.61636,0,3.44602,0.24463,7.21374,0.20426,0.1352,1.79019,0,0,0,0,0,0.23283,0,0,10.86324,0,3.14405,3.73747,0.69462,0,0.03217,0,0.3234,12.03428,0.03855,0.9247,0,0,0.07084,0.03581,0.0847,0,0,0,0,0,0,0,0,0,0,1.80333,0.33948,0.03195,2.15946,9.94515,0,0.23039,0.00529,0,0,0.14401,0.08316,0.02237,0.01462,7.61335,0.07173,0.11905,0,0,0,0,0,0,0.17106,0.02277,0,0,0,1.61317,0,0.05037,0.08775,0.11878,0,0,3.85248,0,1.80412,0.21097,0.69451,0,0,10.40918,0,0,0,0,0,0,0.00244,0,0.18119,0,0,0,0.03991,0,0,0,0,0.0961,0,0,0,0.06019,0,0,0,0,0.19747,0
"PD.20.PC",0,0.37978,0,0.08233,0.00584,0,0,0,1.14193,7.59134,0,0.79778,0,0,0,0,0,9.11078,0.00226,5.08618,0.16136,0,1.00171,22.90772,5.68601,0,0,0,0,0,0,0.16932,0.04153,0,1.16699,0,0.04322,0,0,0,0,0.57266,0.0863,0.60968,3.44728,0,0.95868,0,0.30008,0,0.00743,0,0,0,0,0,0,0,0,0,0,0,2.86324,0,0,9.5924,4.13972,0,0.09925,0,0,0,0.04118,0.22807,0,0.021,0,0,0,0,0,0,0,0.02228,0,0.04852,0.1058,0,0.10653,1.3792,1.2386,0,1.38009,0,0.14161,0,0,3.56931,0,0,0,0.21893,0,0,10.82876,0,0,0,0,0,0,0,0,0,0,0,0,0.08609,0,0,0,0,0.10939,0,0,0,0,0,0,1.45492,0,0,0
"PD.20",0,0,0,0,0.26458,0,0.21814,0,0,5.30304,0,0,0,0,0,0,0,0,1.51283,0.00778,0,0,1.2913,16.13955,6.33289,0,0,0,0,0,0,0.54315,0,0,0,12.66867,0,0,0,0,0,0,0,0,0,0,3.75226,0,3.24781,0,0.74859,0,0,0,0,0,0.05138,1.0445,0,0.04268,0,0.00712,0.45679,1.54407,0.04108,0.04075,2.20523,0,0,0.42301,0,0.00285,0.44967,3.38418,0.10632,0.30695,0,0.10756,0.59664,0,1.94418,0,0,0.51028,0.04555,0.1982,0.21505,0,6.33877,1.00406,0.55893,0,1.15507,0.289,0.65997,0.1185,0.32951,1.13084,0,3.8751,0,0.13022,0,1.7423,15.22128,0.15908,0.00396,0,0.02947,0,0,0,0,0,0,0,0.06821,0.04835,0,0,0,0,0,0,0,0,0,0,0,0,0,0.99753,0
"PD.21.HC",0.36639,0,0.0508,0,0,0,0,0,0.76444,2.86736,0,3.4914,0,0.9201,0,0.21932,0,0,0.00445,0.08076,2.85462,4.59499,0.00372,1.46017,9.38957,0.95503,0.24229,3.21602,0,3.65215,1.19069,0,14.73163,0.75944,0,1.00068,0,0,0,0,0,1.42195,0.28169,4.52472,5.18847,0,6.98593,0,0,0,0,0.0382,0,0,0,0,0,0,0.01449,0,0,0,0,0.04802,0,0.12286,11.97944,0,0,0,0,0,0.0436,0.44016,0,0,0,0.01699,0.04334,0,0.16175,0,0,0.15436,0,0.00332,0.02692,0,0.04953,0,0.17619,1.39429,0.10936,0,0,0,0,0.59322,0,0.53786,0,0,0,0,1.73029,0,0,0,0,0,0,0,0,0,0,0,0,0,0.02033,0,0.02423,0.07105,0.08608,0,0,0,0.08275,0.0519,0,0,0,10.64305,0
"PD.21.PC",0,0.90002,0.08422,0.12167,0,0.16519,0,0,1.47824,0,0,1.41671,0,1.8812,0,0.09804,0,0,0,5.29623,0,20.83892,0.01292,26.52828,6.69729,0.01893,0.57732,2.53534,0,0,0,0,1.82702,0,0,1.69903,0,1.53104,4.4232,0,0,0.04788,0,0.40452,8.35934,0.00967,0.56122,0,0,0,0,0,0,0,0,0,0,0,0,0,0,0,0,0.2283,0.03886,3.3072,0,0,0.12612,0.03203,0,0.06634,0.10597,0.92238,0,0.27426,0,0,0.21194,0,0.34554,0,0,0.0181,0,0.04999,0.0517,0.1068,0.00983,0,0.00802,0.10741,0.34324,0.20618,0,0,0,1.39217,0.13861,0,0,0,0,0,0.68252,0,0,0,0,0,0,0,0,0,0,0,0,0,0,0,0,1.12001,0.30267,0.06728,0,0.46173,0.10273,0,0,0,0,0.01603,0
"PD.21",0,1.49179,0,0.32689,0.08145,0.14175,0,0,0.33446,8.84263,0,13.57143,0,1.91366,0,0,0,0,0,0.51343,2.63712,13.08357,0,5.32179,4.41324,0,0,0,0,0,0,0.04403,1.79183,0.86511,0,2.42993,0,0,0,0,0,0.15855,0,6.06638,5.07904,0,5.05062,0,0,0.04407,0.02246,0,0,0,0,0.00387,0,0,0,0,0.00842,0.00815,1.12914,0.15164,0,2.33654,0,0,0,0.00523,0,0,0.45327,0.41819,0.15112,0,0,0.07353,0.10425,0,0,0,0,0,0,0.0048,0.03555,0.09031,0.60479,0,0.21099,0,0.92647,0.06059,0,0.02393,0,1.45176,0,0,0,0.14193,0,0,0.43838,0,0,0,0,0,0,0,0,0,0,0,0.03855,0.0046,0,0,0,3.00844,0.367,0.01337,0,0,0,0,0,0,0,10.657,0.18279
"PD.22.HC",0,0,0,0,0,0,0,0,0,5.08502,0,2.26122,0,0,0,0.14387,0,0,0.17521,2.75223,1.80816,0,2.30192,4.34672,22.62792,0.43922,0.29943,0,0,0,0.99398,0,0,3.02894,0,0,0,0,0,0,0,0.57809,0,10.46025,5.66651,0.02457,2.19507,0,0,0,0,0,0,0,0,0,0,0,0,0,0,0,2.32893,0.0189,0.08831,0.92673,23.24717,0,0,0.00968,0,0.01227,0.08395,0.23883,0.02911,0,0,0.00636,0.03644,0.04305,0,0,0,0.22669,0,0.0939,0.10033,0,0.2462,0.30619,0.06003,0,0.20239,0,0,0,0.05509,2.22884,0,0,0,0.45434,0,0,3.33806,0,0,0,0,0,0,0,0,0,0,0,0,0,0.20545,0.07299,0.10557,0,0,0,0,0,0,0,0,0,0,0.04587,0
"PD.22.PC",0,0.38025,0,0,0,0.10763,0,0,0.82505,0,0,2.34382,0,0.03924,1.43062,0,0.04301,1.04931,0.129,1.84664,0,1.64508,0.86629,2.03858,4.44434,0.7509,2.85941,0.59191,1.1125,0,0.84017,0,0,0,0,3.096,0,1.62772,2.81817,0.04794,41.41933,0.4409,0.0641,0,8.55828,0.02308,0.29373,0,0,0,0,0,0,0,0,0,0,0,0,0,0,0,0.11757,0.43225,0,2.54664,0,0,0.00748,0,0,0,0.25698,0.40842,0.03949,0.22899,0,0.03503,0.28743,0,0,0,0,0,0,0,0,0.30865,0.68217,0,1.17173,0,0.02358,0,0,0,0,4.22796,0,0,0.18744,0,0,0,6.96773,0,0,0,0,0,0,0,0,0,0,0,0,0,0,0,0,0,0.06755,0,0,0.08235,0,0,0,0,0,0.08011,0
"PD.22",0,0,0,0,0.05126,0,0,0,0,8.26002,0,0,0,0,0,0.18801,0,0,0,3.59368,0,0,1.17554,14.41757,23.78943,0,1.24669,0,0,0,0,0.408,1.00493,0,0,1.91822,0,0,0,0,0,0.53773,0,7.68137,7.50205,0,0,0,0,0,0,0,0,0,0.1013,0,0,0,0,0,0,0,2.0292,0,0,1.2046,0,0,0,0.01057,0,0,0.29316,0.11338,0.0632,0,0,0,0.01068,0.15269,0,0,0,0,0,0.00335,0,0,0.37593,0.1433,0.53712,0,0.38885,0,0.1408,0,0,1.75665,0,0,0,0.25454,0,0,2.02754,0,0,0,0,0,0,0,0,0,0,0,0,0,0.11379,0.16366,0.2717,0,0,0,0,0,0,0,0,0,0,18.06947,0
"PD.23.HC",0,0,0,0.27486,0.04032,0.23591,0,0,1.32107,0,0,27.68207,0,0,0,0,0,0,0,1.22329,0,0,1.62399,2.79937,2.07985,0.01173,4.34649,10.98264,0,0,1.28627,0,0,0.00755,0,0,3.98308,0,0,0,0,0,0.96145,1.94386,0.12417,0.0527,0.83384,4.2224,0,0,0,0,0,0,0,0,0,0.01489,0,0,0,0,0.12643,0,0.00623,0.5179,1.09617,0,0,0.01359,0.00505,0,0.29221,0.68065,0,0,0,0.09987,0.12623,0,0.36733,0,0,0.07425,0.00753,0.01098,0.05464,0,0.03912,0,0,0.05824,0.74513,0.05698,0,0,0.30261,1.06047,0.11156,3.10224,0.00184,0.5063,0,1.40552,15.03945,0,0,0,0,0,0.06134,0,0,0.81371,0,0,0,0,0.1972,0.1046,0.26214,0,0.44834,0.03506,0,0,0.49197,0.01278,0,0,0,5.58906,0
"PD.23.PC",0,0.1355,0,0.03919,0.00097,0.03129,0,0,0.60616,0.02295,0.00297,6.93239,16.72401,0,6.448,0,0,5.87364,0.42649,3.06146,0,0,0.4913,21.64112,0.66028,0.02802,0,0,0,0,1.1279,0,0.64258,0,0,0.64813,0,0,0,0,0,0.00421,0,0,0,0,1.49763,0,0,0,0.01675,0.18233,0,0,0,0,0,0,0,0,0,0,1.13249,0.01514,0,2.72306,0,0,0.02596,0.01677,0,0,0.12244,0.15207,0.00654,0.01865,1.07358,0.03968,0.11256,0,0,0,0,0.08912,0,0.03493,0,0.04309,0.05233,0.27152,0.04085,0.02243,0.04414,0.14173,0.09432,0,0.02452,1.86794,0,0,0.1508,0.07573,0,0,0.28131,0,0,0,0,0,0,0,0,0,0.0698,0,0,0.01778,0,0,0,0.57472,0.05318,0,0,0,0,0,0,0.13131,0,2.9484,0
"PD.23",0,0.43395,0,0.10275,0.01133,0.52282,0,0.03826,3.97683,0.99776,0.13494,0.48219,0.88779,0.60589,0.01293,0,0,0.42752,0,0.31914,0,1.43255,0,3.64599,2.21118,0.00747,2.35935,6.74992,0.0058,0,0.30363,0,0.34841,0,0.01006,1.7044,0,0.24969,0.34147,0.03904,19.19131,0.13658,1.9004,0.43826,4.72971,0.15776,1.26356,0,0,0,0,0.20646,0.01997,0,0,0.00963,0,0,0,0,0,0.00213,0.508,0.78074,0,0.41853,0.34357,0,0,0.01562,0.01197,0,0.20956,0.31711,0.04137,0.07488,0,0.17667,0.5849,0,0,0,0,0.06989,0,0.00192,0.05366,0.21568,0.55011,0.10088,0.05183,0,2.20357,0,0,0,0,0.70664,0,0.57545,0,0,0,0,2.30737,0,0,0,0,0,0,0,0,0,0,0,0,0,0.06025,0.01006,0.05039,0,0.57303,0.0708,0.07901,0.26124,0.64204,0.00465,0,0,0,1.97653,0
"PD.24.HC",0,0,0,0,0.05447,0,0.19367,0.00984,1.71123,0.73056,0,0.914,2.99033,0,0.14052,0,0,0,0.33265,2.27521,0,25.78635,1.07019,22.47828,1.50928,0.30648,0,0.46706,0.07847,0,0,0,0.66446,0,0,0.91889,0,0,0,0,0,0,0,0,2.81435,0,3.23591,0,0,0.44329,1.5545,0.01323,0.05678,0.00811,0.00477,0.00615,0.07449,0.21076,0,0.18293,0.00802,0.00589,0,0.25889,0,0,7.41465,0,0,0,0.10286,0.09882,0.76888,4.47734,0,0.32388,0,0,0,0.02201,0,0,0.18182,0.65748,0.04584,0,0.07429,0,1.90445,0.00248,0,0,0.99207,0,0.05732,0.00922,0.04782,0.44298,0,2.08995,0,0,0,1.68091,5.16434,0.52262,0.24255,0.01386,0.00275,0,0.1276,0,0,0,0,0,0,0,0,0,0,0,0,0,0.14061,0,0.06828,0.04467,0,0,0,0.42141,0
"PD.24.PC",0,3.0616,0,0.08687,0,0.51407,0,0,2.3853,0,0,2.19103,15.18788,0.29245,1.09695,0,0,0,0.12233,1.41831,0,1.56078,2.52272,13.66849,10.27841,0,2.51772,0,0,0,0,0,0.11961,0,0,0,2.14769,2.05997,3.97558,0.40154,0,0,0.30683,0,0,0.33573,0,0,0.7685,0,0,0.10938,0,0,0,0,0,0.0612,0,0,0,0,0.96081,1.04696,0.01925,5.14439,0.06493,0,0.34927,0,0,0,0.23344,1.74311,0.03228,0.42858,2.66729,0.08238,0.73223,0,0,0,0,0,0,0.04837,0,0.29639,0.00684,2.63954,1.45295,0,0.03056,0.23701,0.62885,0,0,2.44863,0,3.0196,0,0.8013,0,0,3.52016,0,0,0,0,1.66778,0,0,0,0.64242,0,0,0,0,0.35841,0,0,0,1.17703,0.04024,0,0,0.02179,0.01376,0,0.11426,0,0.02923,0.07619
"PD.24",13.83964,0,0,0,0,0.41321,0.0345,0,12.51135,0.7232,0,0,0.17463,0,0.01915,0.00157,0,0,0.0521,0.10308,0,1.19895,1.15682,0.82567,1.22399,0.38727,0.43971,0.11378,0.01116,24.58839,0.36402,0,2.79799,0,0,3.12516,0,0,0,0,0,0.43178,0.85156,1.09766,2.60263,0,0.85011,0,0,0,0,0,0,0.0058,0.00156,0,0.02312,0.26248,0,0,0,0.00978,0,0,0,0,0.14482,0,0,0,0,0,0.081,4.63775,0,0.08918,0,0,0,0.02927,0,0.01831,0,0.27717,0.25623,0,0.08144,0,0.02879,0,0,0,0.98294,0,0,0.00132,0,0,0,8.29841,0,0,0,1.18649,6.37151,0.19349,0.05498,0.05157,0.03603,1.81439,0,0,0.20086,0,0,0,0,0,0.02366,0,0.02598,0,0.37141,0.01819,0.03124,0.03839,2.55046,0.15178,0,0,0.0571,0,0
"PD.25.HC",0,0,0,0,0,0,0,0,1.49868,1.33342,0,5.46202,24.9564,0,0.87407,0.97664,0,0,0,0.35786,7.31169,0,0.71965,6.47422,4.25241,0.44301,0.72843,0,0,0,1.18329,0,0.52637,0,1.10667,4.77369,0.2088,0,0,0,0,0,0.00496,0.38716,7.01904,0,1.45724,0,0,0,0.00501,0,0,0,0,0,0,0,0,0,0,0,2.64745,0.11753,0.03739,1.86399,0.63796,0,0,0.04228,0,0,0.25576,1.17551,0.01348,0.14729,8.94361,0.05263,0.17151,0,0,0,0.00488,0.96958,0,0,0.1672,0,0.07406,0,1.17112,0,0.04514,0,0,0,0,3.07372,0.02738,0.62962,0,0,0,0,1.73966,0,0,0,0,0,0,0,0,0,0,0,0,0.01402,0,0,0,0,0.00659,0,0,0,0,0,0,0.0162,0,0,0
"PD.25.PC",0,0,0,0,0.00633,0.22451,0,0,0,0,0,4.36208,0,0,0,0,0,0,0.06991,4.10136,0,0,0,0,28.63203,0,0.70178,0,0,0,0.4768,0,3.90764,0,0,0,0.98029,0,0,0,0,0,0,4.64457,4.46393,0,0,0,0,0.07745,0.1774,0.03757,0,0,0,0,0,0,0,0,0,0,6.15043,0.44367,0.10321,5.97431,0.28251,0,0.33107,0.0293,0,0,0.36886,0.54953,0.11026,0.17752,0,0.0261,0.32146,0,0,0,0,0.15659,0,0.27007,0.03766,0.06921,0.72594,1.86921,3.22674,0,0.07351,0.11605,0,0,0,10.56365,0,1.88306,2.21532,0.24903,0,0,2.48496,0,0,0,0,0,0,0,0,0,0.36021,0.01854,0.1978,0.14111,0,0,0,0,0,0,0,0,0.0146,0,0,0.33946,0,0.34606,0.02948
"PD.25",0.44732,0,0,0,0,0.0387,0,0,0,1.28875,0,14.55961,7.55455,0,0.21477,2.54221,0,0,0,0,0,0,2.46936,13.2127,5.06924,0,4.83252,0,0,0,4.17798,0,0.48051,0,2.24877,1.00343,0.1305,0,0,0,0,0,0.49078,3.62383,7.52692,0,1.92345,0,0,0,0,0.13656,0,0,0,0,0,0.11506,0,0,0,0,0,0.02986,0,0,0,0.0538,0,0,0,0,0,0.41367,0,0,0,0,0,0.10976,0,0,0,0.04927,0,0,0.34765,0.07351,0.03729,0,0,0.01395,0.91674,0,0,0,0,3.62143,0.31015,2.21189,0,0.1249,0,0,11.09613,0,0,0.00387,0,0,0,0,0,0,0,0,0,0,0,0,0,0,0.09521,0.01158,0.19189,0,0,0,0,0,0,0.63096,0.02009
"PD.26.HC",0,2.89061,0,0,0,0.36918,0,0.01669,0,0.15047,0,8.97427,0,0.00681,0,10.04407,0,0,0.21367,0.39302,0,0,0,17.51094,1.44728,0.27439,1.72014,0,0,0,0.63062,0,0.46247,0.01977,0.16876,8.73313,0,0.00199,0.11322,0,0.61559,0,5.71442,3.00478,2.84027,0.00448,0.15871,3.51336,0,0,0.00843,1.26306,0.02082,0,0.04043,0,0.02217,0,0,0,0.00512,0.10161,0.49132,0.62691,0,1.04769,0.4127,0,0.14439,0.02987,0,0,0.50239,5.50242,0.19875,0,0,0.58049,1.02724,0,0,0,0,0.04298,0,0.06624,0.10442,0,0.10455,0.02334,0.55182,0,1.21856,0.14859,0.02662,0,0,0.85609,0,0,0,0.25107,0,0,7.78643,0,0,0,0,0,0.0127,0.03614,0.20119,0,0,0,0,0,0,0,0,0.00289,0.11752,0,0,0,0,0,0,0,0,0,0
"PD.26.PC",0,0.11372,0.16731,0,0.03781,0.29949,0,0,0,0,0,2.34863,0,0.32625,0,0.00775,0,13.60334,0,2.75196,0,0,0.71565,0.95178,1.65275,0,0,0,0,0,1.75941,0,7.88026,0,0,1.85154,0,0,0,0,13.99797,1.02365,6.58345,5.00497,15.99336,0,1.504,0,0,0,0.07544,0,0,0,0,0,0,0.01055,0,0,0,0,0.87588,0.24661,0.01764,1.41735,0,0,0.43493,0,0,0,0.75781,0.15973,0.05042,0.21305,1.45097,0.18648,0.43634,0.07649,0,0,0,0.17393,0,0.01172,0.05395,0.42382,0.95853,0.00646,0.06056,0,1.21076,0.01041,0.18795,0,0,1.9694,0,0,0.02945,0,0,0,2.90567,0,0,0,0,0,0,0,0,0,0,0,0,0,0.00187,1.56946,0.17245,0,1.70118,0.11196,0.17484,0,0.31404,0,0,0.00282,0,1.63385,0
"PD.26",0,10.16324,5.16899,1.32691,0,0.43799,0.27755,0.02387,0,2.19024,0,5.26425,0,0,0,2.52796,0,0,0.31591,0.25049,0,0,0,4.45979,0.29412,0.3466,0,0,0,0,0,0,0.07073,0.07529,1.55232,0.19079,0,0,0.04623,0,0,0,0.39731,0.05139,2.12229,0,0,0,0,1.1463,0.06344,0.0792,0,0.21038,0.05164,0.00879,0.02136,0,0,0,0.63449,0.02104,0,0,0,0.03626,0,0,0,0,0,0,0.44244,8.16111,0,0,0,0.0578,0,0.0122,0,0,0,0,0.76429,0,0.07195,0,0,0,0.33177,0,0.68063,0,0,0,0,0,0,0,0,0,0,1.68816,10.02943,0,0,0,0,0,0,0,0.11497,0,0,0,0,0,0,0,0,0.07232,0.09531,0,0.01469,0,2.53794,0.66014,0.30616,0,0.35166,0,0
"PD.27.HC",0.65589,0,0,0.06162,0,0,0,0,1.47652,8.40372,0,0.46957,0,0,0,0,0,2.1604,0,0.45896,0.25708,8.54015,0.44903,6.13383,2.74024,0.20661,0.96024,3.82782,0.13762,0,2.12591,0,1.07202,0.15214,0,1.72032,0,3.64185,9.58491,0.02052,0,0.36282,0.28504,0.94886,10.42414,0.05846,3.04656,0,0,0.02458,0.21531,0.3765,0,0,0,0,0,0,0,0,0,0,0.22847,0.04798,0,0.62666,8.57766,0,0,0,0,0,0.14424,0.32734,0,0.23134,0,0,0,0.30428,0,0,0,0.00418,0,0,0.05512,0.30398,0,0,0.56351,0.17223,0.37858,0.1104,0,0,0,0.95021,0,1.06859,0,0,0,0,7.84673,0,0,0,0.00486,0,0,0,1.59633,0,0.6503,0.02429,0.05201,0,0,0.0204,0,0.6371,0.02229,0,0.28778,0,1.6939,0,1.17612,0.08375,0,0.43587,0
"PD.27.PC",8.4418,1.74745,0,0,0.08438,0.43705,0,0,1.23813,4.21836,0,7.83436,12.93049,0.22497,2.31193,0,0.18714,0,0,0.25979,0,0.89311,0,0.01962,0.57813,0.69225,0.75951,3.78673,0,0,1.23983,0,1.14667,0.22519,0.07316,0.67425,1.44981,0,0,0,0,0.29281,0.36993,4.21363,2.23851,0.50453,0,1.56589,0,0,0.10501,0,0,0,0,0,0,0,0,0,0,0,2.20935,1.19937,0,0.07122,0,0,0,0.81239,0,0,0.26956,0.72749,0.05849,0,0,0.12604,0.05502,0,0,0,0,0,0,0.16957,0.08241,0.13744,2.00035,0.00628,0,0,0.07052,0,0.15057,0,0,5.17288,0,0.99895,0,0.81143,0,0,7.36436,0,0,0,0,0,0,0,0,0,0,0,0,0,0.01179,0,0.12342,0,0.06587,0,0.1628,0,0,0.04945,0,0.05716,0,16.27794,0
"PD.27",0,0,0,0,0,0,0.52496,0,0,0,0,0,0,0,0,0,0,0,0,0,0,0,0,31.3806,0,0,0.96511,4.35597,0,0,0,0.12861,0,6.74865,0,0,0,0,0,0,0,3.97267,1.41938,9.71023,10.81399,0.44612,0,3.99692,0,0,0.01621,0,0,0.08162,3.04045,0.01154,0.26401,0.14816,0,0.04016,0.01872,0.01442,0,0,0.03848,0,0,0,0,0,0.12711,0,0.92787,1.96508,0,0.01376,0,0,0.04198,0,0,0,0.00309,0.00193,0.08377,0,0.01977,0,0,0.57891,0,0,1.0774,0,0,0.14885,0,0.36177,0,0,0,0,0,0,8.10345,0,1.63989,0,0.13258,0,0,0.04925,0,0,0.00138,0,0.0104,0.01818,0,0,0,0,0.62641,0.03614,0,0,0.04327,0.01684,0,0,0,1.82773,0
"PD.28.HC",0,0,0,0.02249,0,0,0.02546,0,0.02135,0,0,0,0,0,0,0.50015,0,0,0,0.5009,0,20.86903,3.66243,0,17.72361,0.99414,0,0,0,0,0,0.19455,1.50988,0,0,2.9381,4.94425,0,0,0,0,1.01316,0,8.72832,6.39952,0,0,0,0,0,0,0.05154,0,0,0.01472,0,0,0,0,0,0,0,0.65914,0,0,0,20.66057,0,0,0,0,0.40395,0.21262,1.28403,0,0,0,0.08379,0.16211,0,0,0.00727,0.04732,0,0,0.05436,0.1764,0,0.1646,0.02469,0.08592,0.02591,0.4748,0,0,0.0271,0.0138,1.1124,0.05346,0,0,0,0,0,1.29184,0.01075,0,0,0,0,0,0,0,0,0,0,0,0,0.23717,0,0.04816,0,0,0,0.67803,0,0,0,0,0,0,1.86233,0
"PD.28.PC",2.11591,0.28953,0,0,0,0.04035,0,0,1.21196,2.0483,0,7.75864,0,0,1.69417,1.81694,0,0,0,1.08167,0,0,0.54918,3.51769,0,0,0.19087,3.38747,0.01131,0,0,0,0,0,0,1.24219,0,0,0,0,12.58668,0.12284,0.00345,0.23286,3.51086,0,1.21472,0,0,0,0.0187,0.01574,0,0,0,0,0,0,0,0,0,0,1.80982,0.00444,0,0.08807,0.0433,0,0.03086,0.03719,0,0,0.09181,0.08189,0.1155,0,0,0.0856,0.19051,0,0,0,0,0.00893,0,0.0236,0,0,0.04916,0,0,0.53166,0.05041,0,0.10169,0,0,1.78897,0,0,0,0.33093,0,0,2.29754,0,0,0,0,0,0,0,0,0,0,0,0,0,0,0.07265,0,0,0.07728,0,0,0,0,0,0,0,0,3.87289,0
"PD.28",0,0,0.10552,0,0,0,0,0,0.01747,0,0,14.17068,0,0,0,7.15364,0,0,0,4.19433,0,1.37534,12.73993,31.83541,0,0.03025,0.03221,0,0,0,1.58024,0,1.79848,0,0,2.97569,0,0,0,0,0,2.97473,0,2.22612,3.5566,0,0,0,0,0.0818,0.04097,0.04368,0,0,0,0,0.01202,0,0.07131,0,0,0,0.07304,0.01697,0.03566,0,0,0,0,0.0013,0,0.09789,0.02277,0.24469,0.07312,0.04573,0,0.01281,0.01599,0.10091,0,0,0.03097,0.01301,0,0.01166,0.04619,0,0.05212,0,0.42126,0.1471,0.01686,0,0,0,0,1.72002,0,0,0,0,0,0,1.53399,0,0,0,0,0,0,0,0,0,0.23494,0.01663,0.33646,0.40671,0.04106,0,0.08156,0,0.46394,0.0463,0,0,0.56207,0.07,0,0.08438,0,0,0.1575
"PD.29.HC",0,0,0,0,0.2953,1.20808,0.15789,0.03235,0,0,0,0,0,0,0.12208,0,0,0.61255,0,7.28581,0,13.70275,0.57054,4.30742,0.65996,0.04192,0,0.21291,0.01412,0,0.5951,0,0,0,0,0,0.60644,0,0,0,0,0,0,0,1.40992,0,0.79053,0,0,0.07217,0.25411,6.03282,0,0,0,0,0,0.01624,4.90079,0.00897,0,0,0.92378,0.722,0,4.14269,26.13769,0,0.42472,0,0,0.58753,2.00394,0.57786,0.76815,0,0,0.91431,0,0,0,0.13195,0,0,0.03211,2.26599,0.03472,0,0,0.11793,5.63832,0,0.20398,0,0,0,0,0.56953,0,0,0,0,0,0,7.05013,0.01826,0,0,0.0229,0,0,0,0,0,0,0,0,0,0,0,0,0,0.0256,0,0,0,1.40446,0.38002,0,0,0,0.12285,0
"PD.29.PC",0,0,0,0,0.02297,0,0,0,0,1.26725,0,0,0,0,0,1.84525,4.10954,0,0.52061,0.83164,0,0,6.11086,39.22776,0,0.00159,0,0,0,2.42766,1.03769,0,10.59819,1.48465,3.35529,0,0,0,0,0,0,0,0,4.04639,6.57633,0.00559,0.48033,0.96967,0,0,0,0,0,0,0,0,0,0,0,0,0,0,0.31041,0.15725,0.00672,0.33732,0,0,0.12173,0.00604,0,0,0.09754,0.58796,0.03882,0.00484,0,0.34862,0.10076,0,0.10228,0,0,0.10342,0,0.03159,0.0764,0.14811,0.45158,0.42856,0.91302,0,0.19535,0,0.08113,0,0,2.12937,0,0.55154,0.45287,0,0,0,0.86611,0,0,0,0,0,0,0,0,4.43038,0,0,0,0,0,0.01927,0,0.4916,1.08167,0.03277,0,0,0,0,0,0,0,0.24015,0.12374
"PD.29",0,0,0,0.30923,0,0,0.13148,0.00574,0,0,0,0,0,0,0,17.95912,0,0,0,0,0,0,0,0,0,0,0,0,0,0,0,0,0,0,0,0,0.00298,0,0,0,0,0,0,0,0,0,0,0,0,0.62056,0.97631,11.66987,0,0.02919,0.70157,0,0.80265,0,0.43912,1.8862,0.02736,0.11789,0,0,0,0,0,0,0,0,0,8.98496,0,1.48708,0,0,0,0,0,0.00518,0,0,0,0,0,0,0.00084,0,0,0,0,0,0.27504,0,0,0.17068,0.05408,0,0,0,0,0,0,0,0.17374,0.43393,0.30727,0,0,0,0,0,0,0,0,0.00197,9.31182,30.18603,0,0,0,0,0,0,0,0,0.00632,0.77258,0,0,0,0,1.50985
"PD.2.HC",0.74778,0.27184,0,0.74451,0,0.11615,0,0,2.48048,3.16874,0,18.03812,0,0.77084,0,0,0,0,0,0,1.94706,5.06901,0.12398,1.64607,0,0,8.55588,5.89063,0.13127,0,0,0.15753,0,0,1.24634,0,0.60996,0,0,0,0,0,0.14076,1.18505,4.96888,0.00226,5.09095,1.88665,0,0,0,0,0,0,0,0,0,0,0,0,0,0,1.42794,0.10485,0.06507,1.72197,14.84502,0,0.06318,0.03784,0,0,0.37982,0,0.11003,0.11429,0,0.08596,0.2717,0,0.06219,0,0,0.41967,0,0.04381,0.01424,0,0.03871,0.21924,0.10929,0.17467,0.44172,0,0,0,0,4.89582,0,2.70119,0,0.27535,0,0,5.30772,0,0,0,0,0,0,0.01212,0,0,0,0,0,0,0,0.19372,0,0,0.26369,0,0,0,0,0,0,0,0,0.51776,0
"PD.2.PC",0,0.01986,0,0,0,0.15801,0,0,0,1.18824,0,0.74343,25.45942,1.46823,0,3.16994,0,0,0,5.09155,2.09897,0,5.19523,8.37695,8.99884,0.97195,0.5344,0.5779,0.04004,0,1.79919,0,2.84954,0,0,4.52127,0,0,0,0,0,0,0.00768,0.46448,9.69647,0.03986,0,0,0,0,0,0.04179,0,0,0,0,0,0,0,0.00233,0,0,0.81185,0.15359,0.10235,4.1215,0,0,0.02164,0.085,0,0.03257,0.11768,1.40254,0.02355,0.50801,0,0.00956,0.01907,0,0,0,0,0.03028,0,0.06354,0.02912,0,0.23024,0.91989,1.06604,0,0.37626,0,0,0,0,2.82098,0,0,0,0.24714,0,0,1.05704,0,0,0,0,0,0.00378,0,0,0,0,0,0,0.01493,0.46064,0,0.34804,0,0.46592,0.018,0,0,0,0,0,0.51047,0,0.20141,0
"PD.2",1.86341,3.32444,0.75602,2.13987,0.13306,2.84716,0,0.14875,2.85887,5.77201,0,4.5438,0,0.19268,0,0,0,0,0,0,0.95924,3.70498,0,1.08739,0,0,2.63233,0,0,0,0,0,0.00546,0,1.88872,0,0,0,0,0,0,1.95952,0,0,4.01751,0,1.31407,1.62055,0,0.00608,0.45149,0.0046,0.07923,0.20455,0.4494,0.05102,0.01484,0,0,0,0.1228,0.05357,1.9062,0.82912,0,0,0,0,0.05769,2.91951,0.06829,0.26643,2.01911,1.21619,0,0,1.30825,0.31549,0.23941,0,0,0.02546,0,0.22858,0.03495,0.6841,0.09024,0,0.12793,0.02808,0.05716,0.11552,1.24841,0,0.30206,0.02931,0.39529,3.79206,0.12187,7.48819,0.00286,0,0,1.17961,13.32262,0,0,0.00564,0.00575,0,0.04496,0.00761,0,0,0,0,0,0,0,0.07643,0.1445,0,0.85713,0.14543,0,0,0.10009,0,0,0,0,1.3535,0
"PD.30.PC",0,0,0,0,0,0.09118,0,0,5.94641,26.19439,0,9.4288,0,0,0.4685,0.46174,5.40326,0,0,7.26976,0,0.21093,1.3121,8.62474,2.82157,0,0.49266,4.50207,0.02811,0,0,0,3.40358,0,0,0.67046,0.16215,0,0,0,0,0.05367,0.02117,1.39591,4.19896,0.07284,1.20029,0,0,0,0,0,0,0,0,0,0,0,0,0,0,0,1.05727,0.12105,0.02604,0.00425,2.82565,0,0,0,0,0,0.23447,0.1764,0,0,0,0.07077,0.02175,0.25656,0,0,0,0.20494,0,0,0.04296,0,0.98759,0.6622,0,0,0.00457,0,0,0,0,0.98827,0,0,0,0.08857,0,0,4.37807,0,0,0,0,0,0,0,0.44679,0,0,0,0,0,0,0,0,0,0.13277,0,0,0,0,0,0,0,0,2.01036,0
"PD.30",1.73888,0,0,0,0.10043,0,0,0,0.41168,2.00195,0,0,0,0,0,0,0,0,0,10.5871,0,0,4.29462,2.82836,8.59046,0,1.03241,0,0,0,0,0.21885,0,0,0,0,0,0,0,0,0,0.19519,0.82088,13.99851,14.63436,0.05683,2.49357,0,0,0.17193,0.46903,0.65685,0,0,0,0,0,0,0,0,0,0,1.86205,0.90134,0.01105,6.86189,3.98606,0,0.25873,0.02438,0,0,0.47908,0.22279,0.05583,0.56864,0,0.09588,1.30257,0,0,0,0,0.11121,0,0.1193,0.01802,0,0.71777,0.18546,0.37682,0.05424,0.31495,0,0,0,0,6.03133,0,0,0.91952,0.78666,0,0,3.91527,0,0,0,0.00341,0.10792,0,0,0,0,0.12758,0.02693,0.67845,0.30545,0,0,0,0,0,0,0,0,0,0,0,0.09376,0,0,0
"PD.31.PC",0,0,0,0,0,0.17053,0,0,16.74492,2.73903,0,0,0,0,0,0,0,0,0,11.17023,5.49673,0,0.89517,24.29589,6.75691,0,0.11663,0,0,0,1.14459,0,0.1765,0,0,0.90011,2.65886,0,0,0,0,0.03313,0,1.6685,0,0,1.07075,0,0.06772,0,0,0,0,0,0,0,0,0,0,0,0,0.00341,4.57768,0.24615,0,2.09832,0,0,3.64813,0.0702,0,0,0.21926,0,0.12229,0.0667,0,0.05097,0.0157,0.33771,0,0,0,0.16281,0,0.09012,0.02716,0,5.04294,0,1.84317,0,0.17023,0,0,0,0,2.87024,0,0,0,0,0,0,0.71414,0,0,0,0,0,0.04296,0,0,0,0,0,0,0,0,0,0,0.79013,0.16842,0.02232,0,0,0,0,0,0,0,0,0
"PD.31",0,0.63169,0.56497,0.00739,0.13649,1.28106,0,0.01629,3.45091,0.75851,0,0.59551,0,0.09543,0,0.06098,0,0,0,3.68512,3.94016,0,0.6572,4.71754,1.842,0.08909,4.22571,0,0,0,1.80584,0,2.36717,0,0,6.46703,0,0.06919,0.09879,0.0135,0.54282,0.06657,0.86664,6.70281,3.80363,0.00159,0.01303,0,0,0,0.0017,0,0,0,0,0,0.09089,0.54076,0.32674,0,0,0,0.12939,0.22764,0,0,2.54063,0,0.04104,0.01175,0.02196,0,0.36285,1.82616,0,0.01059,0,0.05834,0.24406,0,0,0,0,0.06782,0.00768,0.05113,0.11122,0,0.228,0,0.05901,0.14001,2.05892,0.12496,0.06402,0,0.18258,0.67882,0,0.2013,0,0,0,0,8.16401,0,0,0,0.27349,0,0.0029,0,0,0.89967,0,0,0,0,0.01817,0,0.11606,0,0.81238,0.03757,0.37442,0,0.80453,0.06443,16.45066,0,0,9.4761,0
"PD.32.PC",0,0,0,0.03683,0.04817,0,0,0.02318,1.36035,5.59113,0,0.04153,0,0,0.26875,0.03862,0,0,0,4.1821,0,2.49683,1.54635,18.69025,1.11258,0.00138,0,2.97936,0,0,0,0.08535,1.33164,0,0,0,0.62925,0,0,0,0,10.6293,0,2.16399,8.92928,0.36271,3.79705,0,0,0,0,0,0,0,0.03288,0,0,0.01293,0,0,0,0,0.2993,0.65443,0,1.53918,0.42288,0.01721,0,0.05479,0,0,0.44977,0.28742,0.05227,0,0,0.16269,0.47451,0,0,0,0,0.00286,0,0.0512,0,0,0.47364,0.07728,0,0,0,3.19554,0,0.04112,0,1.33395,0,1.89497,0,0.33957,1.44598,0,10.9352,0,0,0,0,0.0384,0,0.01473,0,8.39131,0,0,0,0,0,0,0,0,0,0,0,0,0,0.04689,0,0,0.08422,0.35712,0
"PD.32",10.38393,8.05987,0,7.86078,0.01195,1.54036,0.13725,0.01651,4.99579,3.89591,0.00806,1.09679,0,5.14113,0.16352,0,0,0.46145,0,0.9276,1.86022,4.26475,0.00059,6.81219,0.47811,0,0.01808,0.45493,0.04644,0,0.21997,0,0.32962,0,0.02436,1.17073,0,0,0,0,0.02823,0.33591,0.12089,3.44474,0.03342,0,0,0,0,0.02097,0.12838,1.97719,0,0,0,0,0.05323,0.14051,0,0,0,0,0,0,0,0,0.00953,0,0,0,0,0.00175,0.22189,0.64932,0,0,0,0,0,0.1054,1.01437,0.18635,0,0,0.06658,0,0.03834,0,0,0,0,0.06623,0.68396,0.00092,0.04152,0.02063,0.01731,0,0.02304,3.58983,0,0,0,1.73023,5.44516,0,0,0,0.01426,0,0,0,0,0,0,0,0,0,0,0.09598,0,0,0,0,0,0,0.34354,0.31157,0,0,0,15.97201,0.00996
"PD.33.PC",0,0,0,0,0.04376,0.19721,0,0,0,0,0,2.9316,0,1.72308,1.21506,3.26451,0,0,0,0.00449,0,12.6036,0.09694,8.46862,0,1.94468,0.65651,6.46725,0.32297,0,2.197,0,0.21507,0,0,0,0.43312,0,0,0,0,0,0.1503,0,5.86978,0,0.24027,0,0,0.17237,0.86403,0,0,0,0,0,0,0,0,0,0,0,5.49294,0.63955,0.09417,6.97818,0,0,0.10225,0.39744,0,0,0.5965,0.47431,0.15499,0.46759,0,0.12386,0.60261,0,0,0,0,0.47434,0,0.44749,0.00578,0,0.3682,1.15967,0.06649,0,0.0642,0.00683,0.12407,0,0,5.38356,0,0,0.38297,0.45134,0,0,1.55986,0,0,0,0,0,0,0,0,0,0,0,0.124,0.04043,0.07287,0,0.04797,0,0.02963,0,0,0,0.01292,0.05156,0,0.42838,0,0,0
"PD.33",0,0,0.07624,0.01984,0,0.08941,0.03339,0,3.5348,0,0,16.71577,50.55696,0,1.21121,0,0,0,0,9.43692,0,0,2.93847,4.55282,0,0,0,0,0,0,0,0,0,0,0,0,0,0,0,0,0,0,0,4.2582,0,0,0.24135,0,0.62824,0,0,0,0,0,0.04476,0,0,0,0,0,0,0.12769,0,0,0,1.41811,0.53854,0,0,0,0.03667,0.09789,0,0.16512,0,0,0,0,0.01313,0.07787,0,0.01427,0,0,0,0.13806,0.04759,0,0,0.00909,0,0.03348,0.23945,0.01846,0.02255,0,0,1.57256,0.13489,0,0,0,0,0,0.26473,0,0,0,0,0,0.02936,0.00456,0,0.39396,0,0,0,0,0,0,0.01831,0,0.10474,0,0,0,0,0,0,0,0,0.11147,0
"PD.34.PC",0,0.8228,0,0.09769,0.00706,0.44042,0,0.00143,0,0,0,0,0,0,0.0981,0,0,0.03794,0,0.54623,0.5333,0.78104,0.14135,0.21685,0.22714,0.01235,0.71942,0.45964,0,0,0.3959,0,0.14105,0,0.21827,0,0.0061,0.18803,0.74682,0.0047,50.67931,0,0.15662,0,0,0.07544,0,0,0,0,0,0.18175,0,0,0,0,0,0,0,0,0,0,0.66582,0.69647,0.13589,1.6056,0,0,0.04748,1.41691,0,0,0.29131,0.55533,0.05253,0.18944,14.1869,0.14667,0.28315,0,0,0,0,0.05635,0,0.23417,0,0.41967,0.57261,0,0.50691,0,0.02691,0,0.17241,0,0,2.58539,0,0,0,0,0,0,2.24011,0,0,0,0,0,0,0,0,0,0,0,0,0,0,0,0,0.79533,0.04926,0,0,0.01492,0,0,0,0,0,4.09475,0
"PD.34",0,5.4132,1.2851,3.39281,0,0.1008,0,0,2.99324,0,0,0.11412,0,0,0,0,0,0,0,2.72236,0,8.42381,0.43498,0.05595,2.98574,1.10196,0,0,0,0,0,0,0,0,0.07141,0.87134,3.50746,4.59001,11.92567,0.59451,2.20389,0,0,0,0,0,0,0,0,0.01125,0.41959,0.63323,0,0,0,0,0,0,0,0,0,0,0,0,0,0,0,0,0,0,0,0.10919,0,0.06238,0,0,0,0,0,0,0,0,0.08405,0,0,0,0,0,0,0,0,0.29193,0,0.02387,0.33762,0,0,0,0,0,0,0,0,0,0,0,0,0,0,0.00721,0,0,0.16396,0,0,0,0.27901,0.71575,0,0,0,0.03923,0.05859,0,0.01576,0.07336,1.47231,0.06264,0.21904,0,0,0.00164,0.04015
"PD.35.PC",0,0,0,0.19448,0.19786,1.01675,0,0,0.21537,0,0,0,0,0.79904,0.01261,0,0.11217,0,0,0.63416,0,0.35865,0,21.78662,2.61601,0.04437,2.68276,0,0.63051,0,0,0,0.68075,0,0,4.58284,0,0.89701,3.18987,0.00263,1.64366,0,0,0.97606,0,0,0,0,0.02873,0,0.0332,0,0,0,0.0691,0,0.00212,0.14021,0,0,0,0,0.01908,10.14546,0.21417,1.78819,0,0,0.98006,0.09312,0,0,2.75073,0.6761,0.66137,2.19293,0,1.63249,4.13761,0,0,0,0,0,0,0.74583,0.0126,0.58954,2.58157,0,0.43993,0,0.26081,0.17929,0,0,0,6.52416,0,0,1.40384,0,5.53528,0,5.49994,0,0,0,0,0,0,0.07437,0,0,0,0,0,0,0,0,0,0,0,0,0,0,0,0,0,0,0,1.01066,0
"PD.35",10.42115,0.67705,0,0,0.09412,3.24092,0.01631,0.00153,0.44022,0,0,0.10506,0,0,0.04792,0,0,0,0,0.05747,0,0.15042,0.22264,7.69795,2.2048,0.02634,0.5307,1.21635,0,0,0,0.02369,2.64809,0,0,0.7971,0,0,0,0,0.20471,0.15517,1.84592,0.33669,1.29227,0,0.80896,0,0,0,0.05678,0.17664,0,0,0,0,0,0.09968,0,0,0,0,1.35335,4.49734,0,0.2974,3.46119,0.40719,0,3.18483,0,0.07423,1.99963,2.48345,0.32034,0.95998,0,0.89935,0.1625,0,3.11867,0,0,0.14398,0.00877,1.15251,0.07609,0,1.2151,0.03852,0.24299,0,0.54487,0,0,0.00321,0.82369,1.3519,0.01688,0,0,0.82949,1.21124,0,14.35662,0,0,0,0,0,0.09069,0,0,0,0,0,0,0,0.01891,0.11346,0,0,0.54025,0.01688,0.36971,0,0,0,0,0,0,17.81979,0
"PD.36.PC",0,0,0,0,0,0.12566,0,0,1.02368,1.80417,0.84616,0.00368,0,0,0,0.52268,0,0,0.90184,0.72911,0,0.59704,1.62425,2.32227,5.31283,0.0649,1.02259,6.51739,0.06442,0,2.86435,0,0.14518,1.15587,0.15912,1.37001,1.12909,0,0,0,1.55044,0.1019,0,0.94428,12.24321,0.08837,0.73326,0,0,0,0,0,0,0,0,0,0,0,0,0,0,0,17.78557,1.29749,0.11464,2.6704,11.10186,0,0.15366,0.13393,0,0,0.54149,0.30004,0.05422,0.48764,0,0.29893,0.20874,0,0,0,0,0.01116,0.00155,0.36749,0,0.25508,0.27807,0,0.09185,0,0.20511,0,0.1863,0,0,5.27434,0,1.8477,0.14008,0,0,0,3.60776,0,0,0,0,0,0,0.00848,0,0,0,0,0,0,0,0,0.30752,3.46159,0.10628,0,0,1.06928,0,0.03059,0,0,0,0,0
"PD.36",0,0,0,0,0.20576,0,0.84954,0.06525,8.04603,0.64394,0,0.25081,0,0,4.42823,0,0,1.80319,0,0,0,0,0,2.20465,1.54094,0.05185,0,2.94975,2.21217,0,0.53823,0,3.33349,0,0,0.35497,0,0,0,0,0,0,0,0,15.80272,0,0.07933,0,0,0.01314,0,0.33873,1.35509,0.00142,3.91152,0.02083,0.53595,0,3.83034,1.23363,0.00353,0.11884,0,0,0.58557,0,0,0,0,0,0.13034,3.89138,0.5364,2.18565,0,0,0,0.69105,0,0,0,0.08804,0,0.07015,0.2656,0,0.27856,0,0,0,0,0.03682,0.18943,1.50005,0,0.00458,0,0,0,0,0,0,0,5.23049,15.37383,0.17066,0.53929,0.10364,0.00308,0,0.2038,0,0,0,0,0,0,0,0,0,0,0,0.65856,0.00578,0,0,0,0.02907,0,0,0,0,0
"PD.37.PC",0,0.4485,0.13569,0,0.07459,0.61859,0,0,1.36359,1.04605,0,0,0,0.47864,0.5607,0,0,4.04597,0,0.3002,0,26.87851,0.21477,3.2465,2.73601,0,0,0.19133,0.50037,0,0,0,4.04503,0,0,2.80513,0,0.34151,0.89254,0,0,0,0,0,0,0,0,0,0,0.03489,0.15128,0,0,0,0,0,0,0,0,0,0,0,0,0.65515,0,5.93004,0,0,0,0,0,0.966,0.41454,2.90743,0.20181,0.13066,0,0.14934,3.27257,0,0,0,0,0.20931,0.00186,0.06707,0.01176,0,3.72467,0.62576,0.00505,0,0.38638,0.07879,0.03062,0,0,2.68506,0.09223,5.65891,0.07956,0,0,0,4.59069,0,0,0,0,0,0,0,0,0,0,0,0,0,0,0,0,0.03758,0.23709,0,0,0,0.0881,0.01971,0,0,0,0,0
"PD.37",0,0,0,6.33512,0.57147,0,0.0703,0.03223,0,0,0,0,10.30514,0,0,0.1011,0,0,0,6.56921,0.07041,0,0.55568,27.04255,2.55228,0,2.18127,4.17506,0,0,0,0.25402,1.57622,0.08518,0,2.50795,0,0,0,0,0,1.71523,0.12283,7.37502,5.85669,0,0,0,0,0,0.02798,0.09276,0.00544,0,0.03981,0,0.01067,0.43857,0,0.00936,0,0.11995,0.23815,2.21929,0,5.11608,0,0.08127,0,0.24339,0.07973,0,0.00786,0.5324,0.25447,0,0,0.09008,0,0.06089,0,0,0,0.10108,0.02122,0.68635,0.217,0,1.98452,0,0.32671,0,0.79637,0.02736,0,0.01053,0,3.11635,0,0,0,0.05265,0,0,1.4445,0,0,0,0.01572,0,0,0,0,0,0,0,0,0,0.07947,0,0.02688,0,0.23881,0.02263,0.02004,0,0,0.04343,0.01059,0,0,0.98728,0
"PD.38.PC",0,0,0.25484,0.32551,0.03458,0,0.32525,0,10.26647,5.9717,0,0,0,0.01997,0,1.14792,0,0,0.31307,19.90072,0,2.98979,2.63431,1.90367,4.88354,0.40317,0,0,0,0,0,0.07428,0,0,0.07382,1.50809,0,0,0,0,0,0,0,1.3404,2.10798,0,0.66453,0,0,0,0.0415,1.0583,0,0,0.02877,0,0,0,0,0,0,0,6.54878,2.37835,0.00287,6.12275,0,0.0122,0.52185,0.42996,0,0.05366,0.68352,6.80318,0,1.22439,0,0.28997,0,0,0,0,0.0109,0.72118,0,1.10811,0,0,0.86819,0,0.02848,0,0.07609,0,0,0,0,7.55857,0.03324,3.60556,0,0,0,0,2.20068,0,0,0,0,0,0.01636,0.02034,0,0,0,0,0,0,0,0,0,0.25839,0.1424,0,0,0,0,0,0,0,0,0,0
"PD.38",0,0,0,0.45181,0,1.21562,0.02314,0,2.87089,7.17321,0,5.42872,0,0,0,0,0,0,0.53815,11.00828,0,0,0,16.78778,0.18004,0,0,0,0,0,0,0.10205,7.98667,0.00665,0,1.56459,0,0,0,0,0,0,0,6.53666,8.20166,0.43994,0.88972,0,0,0,0.42344,0,0,0,0.23784,0,0,0,0,0.03389,0,0.03293,0,2.2512,0,1.72928,0,0,0.04307,0.23803,0,0.17282,0.58832,5.92461,0,0.02882,0,0.32317,1.62058,0,0,0.03825,0,0.45662,0.24712,0.37037,0.00549,0,0,0,0,0.04021,0.84524,0,0,0.01331,0,0,0.28478,3.7978,0,0,0,0,0.15747,0.0598,0,0,0,0,0.011,0,0,2.12673,0,0,0,0,0,0,0,0,0.45557,0.0738,0,0,0.39704,0,0,0,0,0,0
"PD.39.PC",0,0,0,0,0,0,0,0,0,0,0,0,0,0,0,0,0,0,0,0,0,0,0,0,0,0,0,0,0,0,7.18151,0,0,11.33293,0,0,39.64106,0,0,0,0,0,0,0,0,0,0,0,0,0.01758,0,0,0,0.34716,0.11251,0.03893,2.44595,0,2.72466,0.51627,0.10075,0.28969,1.02555,0.317,0,11.5963,0,0.47994,0,0,0,2.84713,0,0.28322,0,0.22239,0,0.49919,0,0,0,0,0,0.13995,0,0.07979,0.0111,0,0,0.42736,1.39259,0,1.32153,3.8596,0,0,0,0.04418,0,0,0,0,0,0,2.96897,1.66887,0.60874,0,0,0,0.3769,0,0,0,0,0,0.09968,0.06367,0,0,0,0,0,0,0,0,0.86156,0.26473,0,0,0,0,0
"PD.39",0.8494,0,0,0.02772,0,0.18815,0,0,2.74833,11.19171,0.00723,0,4.35966,0,0,0,0,0,0,2.0662,4.50294,1.76799,1.28065,6.94652,11.81609,0,3.8178,0.99111,0,0,0,0.05233,0.23894,0,0,2.2125,0,0,0,0,0,0.0205,0,0.63825,4.96705,0,5.09414,0,0,0.01896,0.13378,0,0,0,0,0,0,0,0,0,0,0,0.45414,0.09796,0,1.10564,0.20138,0,0,0.06808,0,0,0.29649,0.62028,0.08211,0.03996,9.43844,0.08581,0.38258,0,0,0,0,1.97794,0,0.09222,0.02414,0.29403,0.43004,0.01665,0.55293,0.51554,0.02227,0.00241,0.10763,0,0,1.43288,0,0,0,0.41751,0,0,4.01607,0,0,0,0,0,0,0,0,0.16159,0,0,0.02753,0.04375,0,0.00616,0,0,0.11189,0,0,0,0,0,0,0.13223,0,0.19597,0
"PD.3.HC",0,0.02841,0,0,0,0.01604,0,0,1.31828,0.04356,0,0.00399,0.00912,0.29536,0,0,0,2.26391,0,1.30153,0,3.29714,0.03414,0.51822,3.63268,0.28401,0.49984,3.24825,0,0,0.60487,0,2.33828,0.02112,0.11282,3.8397,0,2.11876,7.73688,0.00921,46.92262,0.05944,0.42237,0.60658,1.82087,0,0,0,0,0.91827,0.34124,0,0,0,0,0,0,0.04021,0,0,0,0,0,0.05707,0,4.69471,0.05605,0,0,0,0,0.02013,0.07432,0.14702,0,0,0,0.10201,0.55105,0,0,0,0,0,0,0,0.05539,0,0.12399,0.84493,0.3922,0,0.26097,0.22299,0,0,0,1.50842,0,0,0.46035,0.21027,0,0,0.81592,0,0,0,0,0,0,0,0.5384,0,0.21963,0.06376,0.04295,0.13344,0.17757,0,0.01224,0,0.06839,0,0,0,0,0,0,0.32724,0,0.10009,0
"PD.3.PC",0,0,0,0,0,0,0.05572,0,8.24199,0,0,0,59.60852,0,0,0,0,0,0,3.32121,0,0,0,10.68278,0.09048,0,0,3.13799,0.93465,0,0.21108,0,3.44053,0,1.81319,0,0,0,0,0,0,0.05279,0,0.37069,2.60866,0,0.11315,0,0,0,0,0,0,0,0.00932,0,0,0,0,0,0,0,0,0,0,0,0,0,0,0,0,0.2004,0,0.07415,0,0,0,0,0,0,0,0,0,0,0,0,0,0,0,0,0,0,0,0,0.0307,0,0,0,0,0,0,0,0,0,0.77734,0.10078,0.01179,0,0,0,0,0,0,0,0.00553,0.03218,0.22472,0.49084,0.03639,0,0.06245,0,0.21967,0,0,0,0.05374,0.02691,0.42631,0,0,0,0
"PD.3",3.5492,0,0,0,0.12576,1.36844,0.01065,0,14.85829,0,0,0.44498,0.75696,0.15057,0,0,0,0.22033,0,0.47995,0.06102,1.23033,0.45737,3.66549,0.90824,0.0073,0.53588,3.65663,0.01457,0,0.60331,0,0.44524,1.83166,0,0.80495,0,0,0.01621,0,0,0.65095,1.36021,1.16425,1.15055,0.10476,3.42238,0,0,0,0.03606,0.12273,0.04236,0,0.00295,0,0,0.05013,0,0,0,0.01056,0.24694,2.15949,0,2.97425,0.02674,0,0.08247,0.06155,0,0,1.27245,4.28577,0,0.29116,0,0.49208,1.58355,0,0,0,0.17731,0.09513,1.50594,0.01816,0.0452,0,0.05741,0,0.02133,0.55776,0.38422,0,0,0,0.05011,3.36177,0.01563,5.84012,0.00828,1.13881,1.77859,0,17.592,0,0,0.00559,0.06534,2.45302,0.01555,0,0.36264,0,0,0,0,0,0.02574,0.11895,0,0.06089,0.31665,0.02669,0.09735,0,2.20931,0,0,0,0.07055,0.91207,0
"PD.40.PC",0,0,0.2728,0,0,0,0,0,1.5695,0.3452,0,1.56611,0,0,0,0,0.01714,4.40133,0.12262,2.84816,0.01841,6.02058,0.97404,21.54887,2.17457,0.09116,0.25174,3.71832,0,0,0.47882,0,0.93881,0,0,0.31554,0,0,0,0,0,0.04308,0.01465,0.05819,4.5828,0.03481,0.85866,0,0,0,0,0,0,0,0.03254,0,0,0,0,0,0.00317,0,6.49111,0.3896,0.02972,0,0,0,0,0.0421,0,0.01204,0.60875,1.06734,0,0.0346,7.1785,0,0.24437,0,11.91205,0,0.00795,0.01963,0,0.08094,0.02758,0,0.27414,1.1084,0,1.85497,0.29699,0.05612,0,0,0.05283,4.03238,0,0,1.01196,0,0,0,2.54049,0,0,0,0,0,0.02584,0,0,0.53108,0,0,0.0202,0.02973,0,0.03108,0.00215,0,0,0,0.06122,0,0,0.2612,0.00845,0.04886,0,0,0
"PD.40",2.4966,0.11125,0,0,0,0.63924,0,0,0.49498,2.42129,0.07209,2.81814,0,0.00866,1.60631,3.19685,0.2454,0,0,1.32607,0,0,0.14125,3.17085,0.7749,0.04109,0.27993,6.94957,0.09907,0,0,0.25894,0.04161,0.43286,0,1.10181,0,0.79599,0.82193,0.05554,23.12115,1.07498,0.01109,7.37518,8.93844,0.13949,7.14249,0,0,0,0.0153,0,0,0,0,0,0,0,0,0,0,0,0.97553,0.52163,0,1.81783,0,0,0,0.19627,0,1.90851,0.51579,1.07635,0.07963,0.1257,0,0.22318,1.11925,0,0,0,0,0.0885,0,0.09729,0,0,1.41479,0.11969,0,0.44469,0.0485,0.97914,0,0,0,3.77581,0,0,0,0.06203,0,0,4.25881,0,0,0,0,0,0,0,0,0,0,0,0.15651,0.29973,0,0,0,0,0.08235,0,0.06375,0,0.04439,0.02878,0,0.65813,0,0.05797,0.17321
"PD.41.PC",5.02255,5.22922,0,1.06154,0.0164,5.35928,0,0,1.03097,0,0,0.38994,0,0.06025,0,0,0,0.06788,0,0.01437,0.05773,0.20839,0,1.61399,0.23868,0.14374,0.41407,0.94463,0,0,0,0,0,0,0,0.68702,0,0,0,0,3.35151,0.13509,0.088,0.46823,1.96999,0.02052,0.56155,5.53985,0,0,0,0,0,0,0,0,0.02428,0.90842,0,0,0,0,0.23692,4.0654,0,1.2866,6.4797,0,0.1141,0.07571,0,0,2.75867,0.91166,0.39588,0.38727,0,0.66542,2.04095,0,0,0,0.04183,1.00024,0,0.09162,0.04246,0.59053,3.23007,0,0.33702,0,0.52866,0,1.13214,0,0,2.13791,0.00889,0,0,0.07253,3.0298,0,29.05164,0,0,0,0.00197,0,0.00487,0,0,0,0,0,0,0,0,0.00469,0,0,0,0,0.04117,0.47464,0,0,0,0,0,0,0.22771
"PD.41",0,2.14834,2.12235,1.7791,0.18606,1.07095,0,0.16729,0,0,0,0,0,0,0,0,0,0,0,0.30132,0,0.38632,0,0.73184,0.91665,0,0,0,0,0,0,0,0,0,0,0.37751,0,0,0,0,0,0,0,0.1848,0,0,0,0,0,1.02011,0.91649,12.57246,0,0,1.76996,0,0,0.00406,0.24717,0.01014,0,0,0,13.93725,0,18.39492,0,0,0,4.00746,0.38347,1.19376,0.12195,11.96836,0,0,0,1.12256,0,0,0.46136,0.12016,0,1.15366,0.03495,0.03007,0.02709,0,0.06922,0.20296,1.05783,0,0.11245,0.01421,0,0,0,0,0,1.96826,0,0,0,1.16253,2.49156,4.67283,0.59736,0,0.29039,0,0,0.00117,0,0,0,0,0,0,0,0,0,0,0.08395,0,0,0,0.07811,0,0,0,0,0.03297,0
"PD.42",0,0,0,0,0.04797,0.29917,0,0,1.14559,0,0,0.00927,0,0,0,0,4.18955,0,0,0.01317,0.87746,2.80745,0.18061,2.02908,2.88908,0.13925,0.01512,0,0,0,0.84948,0,0,0.02226,0,0.92476,1.2386,0,0,0,0,0,0.10023,0.81152,4.13098,0,6.20406,0,0,0,0.25414,0,0,0,0,0,0,0,0,0,0,0,2.39879,0.09816,0.08743,23.75099,4.04659,0,0.21638,0.02101,0,0,0.34825,0.5146,0.15533,0.23604,0,0.07795,0.39306,0.18859,0,0,0.02064,0.5242,0,0.08501,0,0,1.60298,0.10652,0.11411,0,0.07685,0,0,0,0.17085,4.09996,0,1.21428,0,0,0,0,6.02901,0.01866,0,0,0,0,0,0,0,0,0,0,0.01843,0.01947,0.05151,0.12538,0.15715,0,0.17038,0,0,0,0,0,0,0.16729,0.0042,6.94827,0
"PD.43",0,0,0,0,0.28326,0,0.13445,0.1559,3.58015,0.01947,0,0,0,0,1.24254,11.20312,0.06864,0,0,3.5854,0,3.31679,2.4202,20.53521,0,0.54746,0,0,0,0,0,0,0,0,0,0,0,0,0,0,0,0,0,4.07541,4.33563,0,0,0,0,0.1599,0.23408,0.46795,0,0.00539,0.03535,0,0.00094,0.01335,0,0,0,0.01839,0.20164,2.96053,0.69493,2.09903,2.06119,0,0.29954,0.04162,0.15216,0,0.86771,3.76286,0.40349,1.55499,0,0.10282,1.06801,0,0,0.03731,0.19925,0.13776,0,0.16367,0.04906,0,0.19641,0.83418,0.02269,0,1.19903,0,0.05563,0,0.04454,4.21371,0,1.34598,0,0.22994,5.87621,0.61242,3.4481,0.02535,0,0.01039,0,0,0.00983,0,0,0,0,0,0,0,0,0,0,0,0.15095,0,0.08749,0,0.8016,0.09366,0,0,0,4.48727,0.93986
"PD.44",5.98519,0,0,0,0.12029,2.61119,0.0625,0.07694,0.98309,0,0,1.37475,0,0,0.61464,0.22403,1.30328,0,0.01678,0.48778,0,1.21945,0.69308,1.42524,0.876,0.32466,0.35844,2.09747,0,6.871,0,0,0,0,0,1.15534,0,0,0,0,0.17557,0.56743,0.02057,0.92854,3.02687,0,0.53693,0,0,0,0,0,0,0,0,0,0,0.00692,0,0,0,0,0.31754,1.83096,0.21135,5.24849,8.1434,0,0.49608,5.00117,0,0,2.19169,2.7038,0.17272,0.92789,0,0.29105,1.28096,0,0,0,0,0.11192,0,0.44335,0.01899,1.65505,10.17802,0.85331,0.14,0,0.08263,0,0.13431,0,0.34866,0.47455,0,0.00127,0,0,4.37567,0,13.27128,0,0,0.00316,0.01194,0,0,0,0,0,0,0,0,0.01452,0,0,0,0,0.05769,0,0.15163,0,0.30687,0,0,0,0,0.27662,0
"PD.45",0,0,0,0,0.50657,0,0.46477,0.37094,1.98789,2.04597,0,0,0,0,0,0,0,0,0,5.87717,0,5.05925,0,1.30811,0.74126,0.48101,0,0,0,0,0.34175,0,0.98494,0,0,0,0.14472,0,0,0,0,0.01144,0,0,7.4628,0,0.17775,0,0,0.06305,0.49196,0.02906,0.12769,0,0.28547,0.01536,0.01796,2.12641,0,0.00141,0,0.01924,0,5.69173,0,9.89544,0,4.63632,0,0,0,4.45838,0.04415,2.85218,0,0,0,0,0,0,0,2.50138,0,0,0.06875,0,0.03888,0,0.32818,1.9317,0,0,0.01313,0.10898,2.12399,0,0,0,0,0,0,0,26.79385,0,0.64041,1.99544,0.49816,0.10827,0.02034,0,0.0885,0,0,0,0.03791,0,0,0,0,0,0,0.02618,0.08294,0,0,0,0.1687,0.12213,0,0,0,0,0
"PD.46",0,0,0,0.56002,0.22724,0,0.14734,0,0,0.42026,0,0,0,0.51624,0,0.23143,0,0,0.00182,0,0,0,0,7.46983,0.67609,0.0565,0.33633,2.33152,0.00206,0,0,0.03625,0.57162,0.22128,0,1.16371,0,0,0,0,0.22335,0.21756,0,4.26345,11.69711,0,0.50673,0,0,0,0.07156,0.17125,0,0,0,0,0,0.10467,0,0,0,0,0.11478,3.04495,0.9995,1.94906,0,0.11342,2.22321,0.06786,0.23862,0.31437,3.45432,1.25145,0.96713,2.18613,0,2.53441,3.64998,0,0.55031,0.02246,0.03438,0.50903,0.00748,1.11451,0,0,0.29542,0.33719,2.6289,0,0.07423,0.01701,0.04055,0,0,1.00952,0,10.63253,0,0.3798,10.27426,0,5.33034,0.00899,0,0.00812,0.00278,0,0.06604,0.00275,0,0,0,0,0,0,0,0,0,0,0,0,0,0,0,0,0,0,0,8.5474,0.12156
"PD.47",0,0,0,0,0.00599,0.47914,0,0,1.7839,8.08412,0,0.66496,0,0,5.83683,0,0,7.64499,0.05901,3.32566,0,9.56048,0.30397,0,5.8485,0.86518,0,2.93962,0.83803,0,0.39703,0,3.93735,0,0.09717,0.61197,0,3.39221,3.97466,0.68462,0,0.26717,0,0.8452,1.35441,0,0.52436,0,0,0.03227,0.12113,0.03997,0,0,0.00547,0,0,0,0,0,0,0.02012,0.11543,1.99334,0.00376,7.23324,0,0,0.94902,0.00138,0,0,0.62541,1.09459,0.11115,0.51447,0,0.40392,0.17376,0,0.04345,0.15229,0.13954,0.07414,0,0.63845,0.0299,0.3102,0.01484,1.86049,0.92847,0,0.07447,0.01559,0,0,0,7.1433,0,0,0,0,1.26651,0,1.4825,0,0,0,0,0,0,0.00542,0,0,0.07297,0.039,0.02501,0.09177,0,0,0,0.38637,0.16915,0,0,0,0.09976,0.02779,0,0.04379,0,6.42898,0
"PD.48",2.82214,0,0,1.57534,0.06872,0.81926,0.00325,0,0.87878,0.68696,0.28226,0.05962,0,0,0,0.22635,0.37567,0,0,0.08104,4.95091,0,0.05813,0.04719,0,0,0.28195,3.87264,0,0,0.75971,0,0,0.56555,0.04179,2.02072,9.24691,0.59533,1.47106,0.04303,0,5.60434,1.71473,12.27251,6.96392,0.25059,2.97311,0,0,0,0,0,0,0,0,0,0.00521,0.02727,0,0,0,0.00608,0.73657,0.46409,0.05717,0,4.70863,0,0.44944,0.00803,0,0,0.29261,1.4075,0,0.31523,0,0.67109,0.04508,0,0.16154,0.16866,0.37717,0.4981,0.0066,0.51038,0.7308,0,0,0.68839,0,0.79008,0.38666,0,0,0.01242,0,1.28315,0.00854,0,0,0.78247,0,0,11.61811,0.01854,0,0,0.00402,0,0.13142,0,0,0,0,0,0,0,0,0.06757,0,0.02379,0.32258,0.02056,0.14362,0,0.225,0.08813,0,0,0.28119,9.32605,0
"PD.4.HC",0.20228,0,0,0,0.03864,0.43982,0,0,2.47344,0,6.74787,1.78696,17.65695,0,0,2.06136,0,0,0.2512,1.91489,0,3.58905,6.49737,9.64288,0.317,0.33041,0.24814,6.42337,0,0,0.83004,0,1.549,0,0,7.1037,0,0,0,0,0,0,0,2.09831,4.16339,0.0759,1.28825,0,0,0,0,0,0,0,0,0,0,0,0,0,0,0,0.19277,0.40834,0.14625,4.5375,1.70517,0,0.02837,0.12962,0,0,0.15137,0.99511,0.08102,0.21295,0,0.08316,0.15576,0,0.39383,0,0,0.38511,0,0.03843,0.11603,0,0.07045,0.01418,0.01131,0.64692,0.37214,0,0,0,0,3.8451,0,1.84976,0,0.58804,0,0,3.06808,0,0,0,0,1.41786,0,0,0,0,0,0,0,0.02662,0,0,0,0.32637,0.05118,0,0,0,0,0.02706,0,0,0,0.13042,0.01933
"PD.4.PC",0,0,0,0,0,0.05984,0,0,0,7.51608,0,0.2313,0.01281,0,0,1.80741,0,0,0,0.69737,0,0,0.67752,8.63367,0.85306,0,0.42293,5.35035,0.03554,0,0,0.14687,0.01454,0,0.10191,2.46348,0,0,0,0,0,0,0.34562,1.79104,6.37766,0.05648,1.73321,0,0,0,0,0,0,0,0,0,0,0.03488,0,0,0,0.06296,1.63567,0.2009,0,21.9864,1.27191,0,0,0.09352,0,0,0.22944,3.17597,0,0.48479,0,0.09646,1.62607,0,0,0,0,1.0648,0,0.03056,0.06928,0,0.01334,0,0,0.50573,0.8643,0,0,0,0,4.10782,0,0,0,0.28498,0,0,4.55148,0,0,0,0,0,0.02063,0.00734,0,0,0,0,0,0.01064,0,0.09868,0.07796,3.09052,0.6286,0.01476,0,0,0.03046,0.13746,0,0,0,14.14345,0
"PD.4",0.15848,0,0,0,0,0.05378,0,0,0.90102,0.21703,0.48845,2.53911,0,0,0,4.5751,0.76845,0,0.19425,0.23879,0,0.21489,0.59239,1.09119,0.18085,0.04745,0.3038,2.5598,0.15486,0,0.98986,0,0.40549,0.34057,0,0.5038,2.14067,0,0,0,0,4.06061,0.12449,28.82692,4.93771,0.0502,0.42203,0,0,0,0,0,0,0,0,0,0.00927,0,0,0,0,0,1.49469,0.22509,0.05024,0.07943,0,0,0.00177,0.12637,0,0,0.10955,0.32922,0.01466,0,0,0.08314,0.03864,0,0.11061,0,0,0.0461,0,0,0,0.07118,0.44678,0.04558,0.12004,0.82365,0.12106,0,0.08177,0,0,1.60936,0,0,0.0995,0.44864,0,0,6.29328,0,0,0.00376,0,0,0,0,0,0,0,0,0,0,0.0048,0.01032,0,0.15572,1.25816,0.02649,0,0.37803,0,0,0,0,0,27.04002,0
"PD.5.HC",0,0,0,0,0,0,0.07755,0,1.74178,0,0,3.76261,0.01428,4.95979,0,0,0,0,0.21867,0.01401,0,0,1.45328,44.57685,2.20064,0,0.35245,0,0,0,1.60263,0,0.3436,0,0,0.53493,1.81891,0,0,0,0,2.33633,0,8.01095,4.90708,0,0,0,0,0.00172,0.00565,0.05496,0,0,0.12644,0,0,0.03872,0,0,0,0.02219,0,0,0,0,0,0.03467,0.33862,0,0,0.07381,0.57614,0.64668,0,0.39758,0,0,0,0,0,0,0,0.18017,0.02679,0.17504,0.09223,0,0,0,2.05887,0,1.03669,0,0,0.03268,0,1.613,0,0,0,0,0,0,1.52859,0.02572,0,0,0.01151,0,0,0.03991,0,0.50061,0,0,0,0,0.0062,0,0,0,0.25946,0,0,0,0,0,0,0,0,2.94716,0
"PD.5.PC",0.99432,0,0,0,0.14561,0.31085,0,0.01841,3.69509,0.57728,1.26548,3.64727,3.04369,0,1.60297,0,0,0,0.52934,1.00765,0,1.28456,0.62879,16.66866,0,1.24982,4.91045,0,0,0,0.70813,0,0.00217,0.27663,1.37753,0,0,0,0,0,0,0.46454,0.04665,3.73297,11.45102,0,1.90502,4.22461,0,0,0,0,0,0,0,0,0,0.00546,0,0,0,0,0.16006,0.14592,0.13734,8.40517,1.53534,0,0.49393,0.04954,0,0,0.27113,1.59619,0.18523,0.90791,0,0.28005,2.20697,0,0,0,0,0.03189,0,0.04372,0.06147,0,0.10671,0.01113,1.67666,0.28728,0.15284,0,0,0,0.07817,3.75975,0,0,0,4.39756,0,0,6.4141,0,0,0,0,0,0,0,0,0,0,0,0.00296,0.0218,0.00766,0,0,0,0.1704,0.00448,0.06905,0,0.11251,0.1479,0,0,0,0,0.04651
"PD.5",0.48589,0.37749,0.26342,0.34024,0,0.22068,0,0,2.64703,4.37146,0,15.59447,0,0.03976,0,0,0,0,0,0.12792,0,0,0.57642,16.48644,0.29217,0.10481,2.60882,13.55178,0.26266,0,0.60958,0,0.79611,0,0,3.56244,0,0,0,0,0,2.433,0.51684,7.79331,3.86136,0.29398,0,0,0,0,0,0,0,0,0,0,0,0.04813,0,0,0,0,1.76849,0,0,0.29039,0.66707,0,0,0.00505,0,0,0.36013,0.22169,0.08719,0.09249,0,0.00974,0.24635,0,0,0,0,0,0.01186,0,0.0517,0.18222,1.08323,0,0.11096,0,0.09784,0.03823,0.14531,0,0,2.09025,0,0,0,0,0,0,7.76929,0,0,0,0.01585,0,0,0,0,0.86684,0,0,0,0,0.09622,0.01745,0.05847,0,0.40423,0,0.24086,0,0.67325,0,0,0,0,3.77984,0
"PD.6.HC",0,0,0,0.0294,0,0.19466,0,0,0.57066,0,0,0.0094,0,0,0,0.41423,0.00149,0.78431,0,1.10679,0.37598,19.11792,0.43328,15.77664,4.08309,0.1226,0.5511,1.4712,0.01981,0,1.15497,0,0.63496,0,0,4.34917,0,0.4583,1.64513,0.00297,0,0.17015,0,0.93062,8.99226,0,1.6187,0,0,0,0,0,0,0,0,0,0,0,0,0,0,0,1.62959,0.04314,0.02983,1.82428,10.83506,0,0.05064,0,0,0,0.0939,0.59017,0.05457,0.0758,0,0,0.11143,0,0,0,0,0.03036,0,0,0,0,0.09288,1.19212,2.13777,0,0.10346,0.31115,1.00807,0,0,4.11395,0,0.48764,0,0.18818,0,0,3.71198,0,0,0,0,0.10077,0,0,0,0,0.00331,0,0.00955,0.02909,0,0,0,0.40545,0.07494,0.01121,0,0,0,0.04814,0,0.2038,0,0,0
"PD.6.PC",1.0461,0.06497,0,0,0.05832,0.31762,0,0,0.68893,2.32772,0.60538,0.40104,5.38016,0,0.49551,0,0.68881,0.04279,0,0.36157,0.59073,0,0.67956,6.60695,3.63041,0,0.17137,1.1904,0.24331,0.00769,1.05734,0,0.65678,0.02236,0,2.29334,0.13765,0,0,0,0,0,0.57458,1.6146,0.40132,0.21518,1.42693,0,0,0,0,0,0,0,0,0,0,0,0,0,0,0,3.64349,0.6008,0,0.45822,2.63175,0,0.4092,0.11914,0,0,0.31691,0.35776,0.02682,0.08934,0,0.10956,0.16628,0,0,0,0,0,0,0.06689,0.19771,0,1.70247,0.08621,0.46616,0,0.25375,0,0,0,0,3.5775,0,1.918,0,0.29706,0,0,15.95733,0,0,0,0,0.3122,0,0,0,0,0,0,0,0,0.15577,0.07327,0.13337,0,0.05033,0,0,0.74123,1.52083,0,0.07634,0,0.17471,7.88637,0
"PD.6",0.99571,0.89502,0,0.09219,0,0.46382,0,0,0,3.42482,0,7.03963,9.10285,0,0,1.17292,0,0,0,0.19731,0,0,0.62901,0,0,0.05623,0.43212,0,0.43033,0,0,0.17215,3.48005,0,0,0,1.88703,0,0,0,0,0.30524,0,4.04032,2.51143,0,1.74799,0,0,0,0,0,0,0,0,0,0,0,0,0,0,0,0.11741,0.6669,0,2.51385,1.07353,0,0.11055,0.15783,0,0,0.36628,0.87708,0.00597,0.32606,3.75203,0.0319,0.55773,0,0.06734,0,0,0.70022,0,0.06441,0.28159,0.26458,3.40184,0,0,0,0.20029,0,0.19803,0,0,10.22333,0,2.40726,0.02208,2.73681,0,0,9.98084,0,0,0,0,0,0,0,0,1.0275,0,0,0,0,0.01298,0.01778,0,0,0.60234,0.02273,0.10612,0,0,0,0,0,0,14.4366,0
"PD.7.HC",0.51402,0.40918,0,0,0,0.45406,0,0,1.06945,0.30053,0,0,0,0,0.12917,0.03063,0.01186,0,0,0.23413,0,0,3.5261,27.7479,2.19668,0,2.64479,3.14737,0,0,1.09346,0,19.37283,0,0,0,5.45786,0,0,0,0.89005,0.11878,0.80933,2.75037,2.13516,0.18021,1.50759,0,0,0,0,0,0,0,0,0,0,0.03826,0,0,0,0,1.91887,0.03019,0.00523,2.69303,2.33064,0,0.29604,0,0,0,0.11922,0.63807,0.06702,0.37215,0,0.07269,0.26079,0,0,0,0,0.98714,0,0.00936,0,0,0.13545,0.08536,0.16516,0,0.08036,0.01526,0.05077,0,0,2.62484,0.01699,0,0.0416,0,0,0,7.59037,0,0,0,0,0,0,0,0,0.41924,0,0,0,0.00503,0.12605,0,0.01063,0,0.10062,0,0,0,0,0,0,0.05005,0,0.29842,0
"PD.7.PC",2.30946,0,0,0,0,0.0198,0,0,0,1.03638,0.48467,2.95989,1.02473,0,0,0,0,0.11574,0.12685,2.37263,0,0,1.69605,1.6146,1.50659,0.04725,2.92276,2.90484,0.74262,0,0.9239,0,0.0025,0,0,0.59016,2.04077,1.80951,4.59837,0.45976,6.70881,0.29739,1.06208,0.52686,6.42171,0.70644,2.67835,0,0,0,0,0,0,0.03757,0.00938,0,0,0,0,0,0,0,10.95257,0.25973,0,4.91079,8.3582,0,0.13842,0,0,0,0.29211,1.26748,0.1292,0,0.83818,0.07444,0,0,0,0,0,0.3937,0,0,0.03309,0,0.71081,0.99496,0.2994,0,0.23285,0,0,0,0,6.18815,0,0,0,0.61777,0,0,7.92225,0,0,0,0,0.0368,0,0,0,0,0,0,0,0,0,0.00485,0.03037,0,0.11101,0,0,0.21917,0.33653,0,0.78542,0.01923,0,1.86159,0
"PD.7",0.86609,0.05814,0,0.01866,0.00195,1.21734,0,0,0.72891,0.05289,0.1186,0.00364,0.0194,0,0,0,0,0,0,0.03765,0,0.15115,3.87653,3.10104,8.00223,0.02301,2.56923,1.10996,0,0,0,0,0.18327,2.98233,0,1.94051,1.22426,0,0.0362,0,0.30486,0.21073,0.1469,0.52496,3.97477,0.08669,0.40308,0,0,0.04252,0.57133,0,0,0.07058,0.04895,0.00165,0.13631,0.05481,0.71949,0.00324,0,0,0.77695,0.01597,0.0266,0.49825,0.093,0,0,0,0,0.01877,0.11348,1.47557,0.1274,0.25846,0,0.05256,0.94214,0,0,0,0,0.07446,0.41073,0,0.70782,0,0.00384,0,0.03147,0.18755,0.49085,0.04738,0,0.0347,0.22977,2.59326,0,1.11627,0.00859,0,0,0.92326,37.72401,0,0,0.01449,0,1.93769,0,0,0,0,0,0,0,0,0,0,0,0,0.78707,0.06505,0,0.60075,0.78867,0.32472,0.2279,0,0,0.0571,0
"PD.8.HC",0,0,0,0,0.0047,0.18133,0.00436,0,2.33082,0,0,0,0,0,0,0,0,3.74946,0,3.74354,0,13.10726,1.16945,7.68254,7.07812,0.06642,0,5.55657,0,0,0.52125,0,12.27514,0,0,2.03634,10.93586,0,0,0,0,0.4735,0.01831,0.89091,11.12023,0,0.86581,0,0,0,0,0,0,0,0,0,0,0.24741,0,0,0,0,1.02631,0.31897,0,2.71204,0.3215,0,0,0,0,0.18679,0.30356,4.18833,0.00236,0,0,0.13576,0.29369,0,0,0,0,0.03583,0,0.0723,0.04864,0,0,0.84675,1.09181,0,0.20638,0,0,0,0,0.92011,0,1.19307,0,0,0,0,0.92238,0,0,0.00958,0,0,0,0,0,1.01685,0,0,0,0,0.04381,0,0.02019,0,0,0,0,0,0,0,0,0,0,0.02363,0
"PD.8.PC",0,0,0.07455,0,0,0.11048,0,0,0,5.36726,0,0.10916,0,0,0,0,0,0,0,0.2879,0,3.38965,0.00934,7.57277,7.81216,0.43212,0,0,0,0,3.27933,0,5.02645,0,0,5.84194,0,0,0,0,0,0,0.04933,9.8888,0,0,0,0,0.70284,0,0,0.01712,0.03855,0,0,0,0,0,0,0,0,0,6.25129,0.04712,0,11.7725,0,0,0,0,0,0,0.17071,0.21822,0,0.04871,0,0.10844,0,0.10303,0,0,0,0.13985,0,0,0.21649,0.3474,0.42083,0.06718,1.61471,0,0.63696,0,0.18066,0,0,6.75423,0,0.19656,0,0,0,0,4.59755,0.00835,0,0,0,0,0.06098,0,0,0,0.01206,0,0,0.02529,0,0,0,0,0.37626,0.01542,0,0,0,0,0.09961,0.18265,0,8.79601,0.06359
"PD.8",0,0,0,0.89219,0,0,0.01501,0,0,0,0,0.00131,0,0,0,0,0,6.90781,0.2258,14.63794,0,0,4.886,29.33094,17.80352,0,0,3.18171,0,0.05737,0.82237,0,0.05307,0,0,3.17522,0,0,0,0,0,0.81979,0,0,9.94434,0,1.13979,0,0,0,0,0,0,0.00737,0.02461,0,0,0,0,0.0045,0,0,0.23833,0,0,0.66974,0,0.10396,0,0,0,0.12389,0.04829,0.15088,0,0,0,0,0,0,0,0,0,0,0,0,0.08137,0,0.03372,0.06194,0.10772,0,0.21281,0,0.06246,0,0,1.20799,0,0,0,0,0,0,0.41867,0.0293,0,0,0,0,0,0,0,0.63883,0,0,0,0,0.01957,0.05097,0,0,0,0.00279,0,0,0,0,0,0,0,0,0
"PD.9.HC",0,0,0.22876,0.05733,0.00471,0,0,0,2.33626,0.65696,0,24.67946,0.01137,0,0,0.60044,0,0,0,6.6659,0,0,7.585,13.73307,0,0,0.16876,0,0,0,0,0,3.91294,0,0.81338,2.9237,0,0,0,0,0,0,0.09185,4.97195,7.88977,0,0.09115,0,0,0.05504,0.15847,1.03713,0,0,0,0,0,0.02816,0,0,0,0,0.16804,0.03756,0,7.83011,0.65292,0.02939,0,0,0,0,0.50681,0.92227,0,0.2493,0,0.0215,0.2601,0.11008,0,0,0,0,0,0,0,0.10454,0,0,0.03343,0.04901,0.24757,0,0,0,0,2.89005,0,0.34172,0,0,0,0,5.82915,0.01623,0,0,0.00273,0,0,0,0,0,0,0,0,0,0,0,0,0,0.19565,0,0,0,0,0.03762,0,0,0,0.60138,0.16125
"PD.9.PC",0.8353,0.42327,0,0,0,0.03055,0,0,1.17266,4.20494,0.07691,2.8545,0,0,0,0.05473,1.62557,0,0,0.21192,2.51259,0.60439,2.01109,11.0345,1.80513,0.16797,0.46281,3.36039,0.00468,0,1.41917,0,0.08368,2.3824,0,3.60407,1.01677,0.1203,0.38124,0,9.45865,0.18593,0.0937,0.13804,7.57774,0.08886,1.3435,0,10.96648,0,0,0,0,0,0,0,0.01011,0.56764,0,0,0,0,0.72488,0.23261,0.19094,0.74388,6.57459,0,0.41701,0.03121,0,0,0.4554,0.81682,0.17719,0.05302,0,0.12765,0.29625,0,0.60612,0,0,0.50766,0.00425,0.03572,0.00275,0,0.16757,0,0.09319,0.18519,0.25601,0,0,0,0,4.65524,0,0,0,0.51166,0,0,6.29596,0,0,0,0,1.14643,0,0,0,0,0,0,0,0,0,0,0,0.20817,0.0278,0,0.01767,0,0.84984,0.02468,0,0,0,0.332,0
"PD.9",0,0,0,1.19663,0,0,0,0,0,0,0,0,0,0,0,0,0,0,0,0,0,0,0,0,0,0,0,0,0,0,0,0,0,0,0,0,0.01196,0,0,0,0,0,0,0,0,0,0,0,0,0.90232,0.7569,0.12057,0,0,0,0,0,0,0,0,0,0,0,0,0,0,0,0,0,0,0,13.20286,0,0.67087,0,0,0,0,0,0,0,0,0,0,0,0,0,0,0,0,0,0,0,0,9.25194,0,0,0,0,0,0,0,0,0,0,0.5741,0.19847,0,0,0,0,0,0,0,0.38005,0.19574,11.97792,5.57506,0,0,0,0,0,0,0,0,12.23356,0.19471,0,11.42987,2.14921,0,0.31896
