"","Methanobrevibacter","Bifidobacterium","Adlercreutzia","Collinsella","Eggerthella","Gordonibacter","Bacteroides","Bacteroidales_noname","Barnesiella","Coprobacter","Odoribacter","Parabacteroides","Paraprevotella","Prevotella","Alistipes","Lactobacillus","Streptococcus","Clostridiaceae_noname","Clostridium","Clostridiales_noname","Flavonifractor","Eubacterium","Anaerostipes","Blautia","Coprococcus","Dorea","Lachnospiraceae_noname","Roseburia","Oscillibacter","Peptostreptococcaceae_noname","Anaerotruncus","Faecalibacterium","Ruminococcaceae_noname","Ruminococcus","Subdoligranulum","Coprobacillus","Erysipelotrichaceae_noname","Holdemania","Turicibacter","Acidaminococcus","Phascolarctobacterium","Dialister","Veillonella","Burkholderiales_noname","Oxalobacter","Parasutterella","Sutterella","Bilophila","Desulfovibrio","Escherichia","Klebsiella","Haemophilus","Pseudomonas","Akkermansia","C2likevirus"
"PD.10.HC",0,0.05905,0,0,0,0,79.18269,0,0,0,0,0,0,0,0.68015,0,0,0,0,0,0.23009,2.63745,0.00295,2.9877,0.28606,0.30012,1.50499,1.49569,0.56262,0,0,3.28466,0,0.02319,1.94275,0,0,0,0.1674,2.79739,0,1.16805,0,0.37946,0,0.2338,0,0,0,0,0,0.07374,0,0,0
"PD.10.PC",0,0.65431,0,0.05379,0,0,41.23853,0.34717,4.46116,0,1.09762,0.88183,0,0,11.64728,0,0.04658,0,0.01067,0,0,3.52817,0,0.80652,11.46309,0.15538,0.00981,5.03402,0.29315,0.18119,0,5.01249,0,7.57178,2.13677,0,0,0,0.06384,0,0,0.01489,0,0,0,0,1.63202,0.04183,0,0,0,0.50702,0,1.09851,0.01063
"PD.10",0,0.83532,0,0.25491,0,0,76.30645,0,1.07991,1.55591,0,4.07271,0,0,0.67262,0,0.0034,0,1.2432,0,0.04432,3.99983,0.02916,0.40371,0.25946,0.59528,1.82421,0.57459,0.54581,0,0,2.61265,0,0.34541,0.96526,0,0,0,0,0,0,0,0.07734,0.63639,0,1.05072,0,0,0,0,0,0,0,0,0.0114
"PD.11.HC",0,0,0,0.08977,0.01033,0,61.8488,0,0,0,0,8.02682,0,0,16.48744,0,0.25111,0,0.03684,0,0.00286,1.38788,0.00292,1.71071,0,0.07027,0.20129,1.07426,1.01196,0,0.06843,0.93351,0,3.60707,0.6795,0,0.02635,0.0652,0,0,0,0.77767,0,0.04513,0,0.0561,0,1.19905,0,0,0,0,0,0.31764,0
"PD.11.PC",0,0.12241,0,0.10891,0,0,71.61427,0,0,0,0,11.31083,0,0,4.91653,0,0,0,0,0,0,4.07309,0.05648,0.46505,0.14875,0.04753,0.07395,1.28837,0.07284,0,0,3.00426,0,0.602,1.57539,0,0,0,0,0,0,0,0,0,0,0,0,0.12223,0,0,0,0.00974,0,0,0
"PD.11",0,0.15221,0,0.23626,0,0,54.51771,0,0,0,0,31.4132,0,0,0,0.6277,0.58047,0,0.14257,0,0.01943,1.94139,0.17515,0.16344,0,0.08154,0.12149,0.85469,0.42904,0.03269,0.02958,1.48996,0,0,0.56124,0,0,0.03167,0,0,0,0.74724,0.32216,0,0,0.23174,0,0,0,0.35748,0,0,0,4.73997,0
"PD.12.HC",0,0.00559,0,0.09993,0,0,28.67969,0,0,0,0.21629,1.66938,0,18.69718,19.74727,0,0.00999,0.00603,0,0,0,5.2819,0.38157,0.73238,1.07244,0.15509,0.17011,0.17265,0.32277,0.07491,0,1.26307,0,1.60515,13.7618,0,0.14311,0,0,0,0,0,0,0.25414,0.0094,0.34882,0,0.13041,0,0.12301,0,0,0,4.83955,0.02637
"PD.12.PC",0,0.26416,0,0,0,0,36.96127,0.69631,0.38787,0,1.44817,2.05327,5.92532,0,7.77477,0,0,0,0,1.15892,0,7.03294,0.00667,0.6118,0.32716,0.36164,0.42344,2.41341,0.01057,0.26169,0,7.63957,0,0,2.40389,0,0,0,0,0,0,0.60686,0.03825,0,0,0,5.37211,0,0,0,0,0.37188,0.30872,1.48619,0
"PD.12",0,0,0,0,0.08916,0,74.3634,0,0,0,0,0,0,0,14.59345,0,0,0,0.47147,0,0,0.15261,0.11599,2.94142,0,0.19505,0.15204,0.33159,0.59109,0,0.0173,0.05661,0.01984,0.42742,5.21001,0.17128,0.06522,0,0,0,0,0,0,0.01534,0,0.0197,0,0,0,0,0,0,0,0,0
"PD.13.HC",0.03159,0,0,0.03927,0,0,16.88185,0.36505,1.15075,0,1.00883,2.18321,0,38.10191,6.9759,0,0.0541,0,0,0,0,21.11453,0,0.76492,0.11142,0.38126,0.31509,3.46957,0.06736,0,0,1.87431,0,0.16189,1.66709,0,0.31608,0,0,0,1.29406,0,0.11444,0,0,0,0.20312,0,0,0.03615,0,0.26281,0.12986,0.13857,0
"PD.13.PC",0.00945,0,0.03317,0.04212,0,0,61.29727,1.26767,4.94377,0,0.70851,4.25987,0,0,17.66235,0,0,0,0,0,0,0.90298,0,0.29257,0.19695,0.5527,0.02014,0.33882,0.33978,0,0.164,1.1692,0,0,3.12248,0,0,0,0,0,0.02272,0,0,0.10613,0,0.103,0,0.24965,0,0.3261,0,0,0,1.8049,0
"PD.13",0.05804,0,0,0.13854,0,0,30.75806,0.14968,1.40003,0,3.12152,5.21401,0,0,5.8934,0,0.10552,0,0,0,0,32.2013,0.35753,1.28472,5.86293,0.13172,1.32546,2.23977,0.59761,0,0.09143,2.64785,0.00394,1.4491,2.28518,0,0,0,0,0,1.84911,0,0.0605,0.3015,0,0.18201,0,0,0,0.11627,0,0,0,0.17325,0
"PD.14.HC",0,0,0,0,0.07552,0,65.00516,0,0,0,0,0,0,0,8.27747,0,0,0,0.79541,0.02966,0.17785,11.43178,0,1.90916,0,0,0.17802,2.1284,3.23464,0.05469,0,1.49116,0,2.37701,1.56851,0,0,0.01248,0,0,0,0,0.46167,0,0,0,0,0.77802,0,0,0,0,0,0,0
"PD.14.PC",0,0.0704,0,0,0,0,48.58677,0.33478,7.31731,0,1.37961,9.18759,0,0.00589,18.37145,0,0,0,0.01941,0,0,0.14529,0.01402,0.62518,0,0.17301,0.15745,4.8462,0.4716,0,0,2.39191,0,2.89412,2.28013,0,0,0,0,0,0,0,0.01362,0,0,0.00402,0,0,0,0,0,0.0823,0,0,0
"PD.14",0,2.76861,0,1.1657,0.00688,0.13082,11.48352,0.18418,6.76863,0,0.04456,2.29284,0,0,4.04551,0,0.41456,0,1.08192,0,0.01655,3.14705,0.30056,0.82452,0.3695,1.77894,1.1803,0.65616,0.7499,0.20303,0.12367,0.54376,0.97507,16.93901,11.82208,0,0.00787,0,0,0,0.07313,0,0,0.68653,0.13602,0.22055,0,1.89669,0.33922,0.11812,0,0,0.16972,26.322,0
"PD.15.HC",0.71785,0.22843,0.21039,0.40206,0.09473,0,52.8113,1.15241,3.04389,0,2.97507,0.98992,0,0,5.74387,0.06071,0.1758,0,0.22369,0,0,11.85555,0.0257,3.501,0.58474,0.57168,0.71821,1.33774,0.01323,0.13082,0,0.69624,0,4.03501,5.29392,0,0,0,0.06329,0,0,0,0.00596,0,0,0,0.01769,0,0,0.12889,1.241,0,0,0.93068,0.00767
"PD.15.PC",0,0,0,0.14812,0,0,83.7548,0,0,0,0,2.2535,0,0,0,0,0.02375,0,0.11031,0.19406,0.00226,4.53184,0.0432,0.62403,0.06127,0.39645,0.33925,0.43678,0.90854,0.06006,0,2.3012,0.17615,0,1.43049,0,0,0,0,0,0,0,0.02371,0,0,0,0,0,0,0,0,0,0,2.18024,0
"PD.15",0,0.33238,0,0.06553,0,0,58.40552,0,4.8576,0,0,16.33796,0,0,8.11462,0,0.18266,0,0,0,0.04797,4.83344,0,0.09141,0,0.29777,0.31724,0.46607,0.4673,0.30447,0,1.95678,0.01317,0.01577,1.53706,0.02013,0,0,0,0,0,0,0.41946,0.17156,0,0.39587,0,0,0,0.1,0,0.24826,0,0,0
"PD.16.HC",0,0,0.0021,0.39354,0.05352,0,45.72779,0,0.77448,0,0.11024,4.41446,0,1.92775,14.26659,0,0.12019,0,0.06491,0,0,6.73481,0.00258,1.9415,0.15267,0.50845,0.26941,1.33352,0.22113,0,0,4.06771,0,3.17349,4.94392,0,0,0.0031,0,0,0,0,0,0.1676,0,0,0,0.39263,0,0.05954,0,0,0,7.94524,0.22533
"PD.16.PC",0,0.63481,0,0.19796,0,0,34.4016,5.42905,5.06166,0.06354,0.85831,5.90159,0,2.18568,8.13794,0,0.05766,0,0,0,0,19.84189,0.01938,1.06702,0.3141,0.40163,0.77986,4.17907,0.05977,0.11229,0.0691,2.99806,0.03386,2.02246,4.60016,0,0,0.01407,0,0,0,0,0,0.13116,0,0.1102,0,0.25302,0,0,0,0.06308,0,0,0
"PD.16",0.91709,5.71195,0.19146,0.36255,0.37906,0.01074,21.01013,1.17709,0,0,0,2.35488,0,0.00905,8.84152,1.08622,4.42794,0.08012,0.54501,0,0,0.38002,0,0.40629,0.08741,0.59256,0.51922,0.0691,0.78174,0.17896,0.15281,0.6277,0,1.8642,13.89558,0.00863,0,0,0,0,0,0.37052,0,0,0.12208,0,0.01135,0.1203,0,0.11755,0,0,0,31.97185,0
"PD.17.HC",0.12469,2.35728,0,0.02497,0,0,39.94359,1.03484,0.55447,0,1.14617,2.25599,4.29949,0,10.9461,0,0.00723,0,0,0,0,5.34539,0.00691,0.51362,3.68391,0.12765,0.5516,4.54863,0.39569,0,0.08726,3.55235,0.04074,2.0561,6.89084,0,0,0,0,0,2.26906,0,0,0,0,0,1.20769,0,0.05277,0,0,0,0,5.97497,0
"PD.17.PC",0.26105,0,0,0.05643,0,0,13.26962,1.13908,4.18515,0.37851,0.84159,8.83183,0,0,9.5333,0,0,0,0,0,0,20.00388,0.07095,1.77632,0.38846,0.32568,1.93103,1.03337,0.31706,0,0.07424,4.00121,0,2.90725,4.89504,0,0,0,0,0,0,0,0,0,0,0.00272,0,0.18783,0,0,0.22259,0,0,8.64786,0
"PD.17",0.18538,1.99652,0,0.05384,0,0,44.49389,2.9494,2.59065,0,1.16135,1.03229,1.88664,0,27.33287,0,0.30579,0,0,0,0,4.85719,0.15815,0.22603,0.30852,0.80737,0.50924,0.85471,0.44536,0,0,2.42821,0,0.21443,2.65517,0,0,0,0,0,0,0,0.18069,0,0,0,0.40151,0.08721,0.00519,0,0,0.07163,0,1.73186,0
"PD.18.HC",0.85328,0,0,0.37975,0,0,43.7954,0.35666,5.1091,0.15155,1.07734,2.0889,0,0,16.68789,0,0,0,0,0,0,8.41817,0.11492,0.49774,0.8484,0.30248,0.71433,0.42417,0.02256,0.10204,0,1.82397,0,0.29316,3.97762,0,0.02378,0,0,0,0,0,0,0.00935,0,0.02245,0,0.06368,0,0,0,0,0,0.64949,0.03592
"PD.18.PC",0,0,0.01286,0,0,0,61.79304,0.10033,3.37543,0,0.13758,4.04714,0,0.87603,5.8372,0,0,0,0,0.01122,0,14.90369,0,0.69968,1.00178,0.16181,0.5522,1.39531,0.02602,0.06888,0,1.59744,0,0.70051,0.3762,0,0,0,0,0,0.77186,0,0,0,0,0,0,0.01562,0,0,0,0,0,0.97016,0
"PD.18",0.88657,0.74179,0,0.80721,0,0,17.4835,4.31767,6.22387,0,0.78519,4.43331,0,0.85036,23.47184,0,0,0,1.59306,1.80114,0,2.10466,0.02175,0.80156,0.18169,0.30079,0.44793,0.49638,0.08061,0.22787,0,0.94497,0,2.98791,9.61754,0,0.00861,0,0.00755,0,0,0,0.07318,0.10338,0,0.03414,0,0.02879,0.03959,0.02495,0,0.02047,0.08961,17.48976,0.32973
"PD.19.HC",0,1.43062,0,0.25514,0,0,57.10235,0.22664,0.59552,0.35152,1.02788,1.53012,2.54954,0,10.4261,0,0,0,0.0146,0,0,12.1383,0.17856,0.66427,0.03984,0.64055,0.54671,0.63021,0.22086,0,0,1.90754,0,0.29137,0.74522,0,0,0,0,0,0,0,0.01692,0,0,0,0,1.19052,0,0.01865,0,0,0,4.42288,0
"PD.19.PC",0,0.02328,0,0.07013,0,0,43.17292,0,5.6913,0,0,12.17551,0,0,7.53564,0,0.03413,0.0804,0,0,0,5.0222,0.35503,0.57924,0.10631,0.30293,2.06395,5.75681,0.29549,0.01801,0,4.20564,0,0,0.39347,0,0,0.02604,0,0,0,0,0.18976,0,0,0,7.00173,0.2836,0,0.02263,0,0.03813,0,4.55572,0
"PD.19",0,2.20124,0.00843,0,0.01099,0,53.67183,0,0,0,0.07805,3.91261,0,0,11.81667,0,0.11073,0,0.22561,0,0,8.63316,0,1.10527,0.50866,0.57207,0.61403,1.21638,0.29441,0.00175,0,1.47929,0.04671,2.82336,3.43263,0,0,0.03197,0,0,0,0,0,0,0,0,0,0.84464,0.02205,0,0,0,0,4.96246,0
"PD.1.HC",0.24274,0,0,0.60536,0.10712,0,24.02229,0.69404,2.3144,0,0,7.69292,0,0,14.29813,0,0,0,5.19319,0.04869,0,17.86343,0,2.41439,0,0.12533,1.2519,1.1596,0.65104,0,0.18493,1.21071,0.76878,12.39954,3.87016,0,0,0.04008,0,0,0,1.2055,0,0.46043,0,0.159,0,0.75058,0,0,0,0,0,0,0
"PD.1.PC",0,0,0.02083,0,0,0,36.9695,0.82818,5.51122,0,3.36209,4.25777,0,0,20.92133,0,0.0288,0,0.58373,0,0,11.35687,0,1.16397,0.74693,0.06445,2.28968,0.37325,0.51253,0,0.0036,4.03755,0.12395,1.67565,2.32539,0,0,0,0,0,0,0,0,0.00687,0,0,2.2385,0.28595,0.31144,0,0,0,0,0,0
"PD.1",0.12708,0.25628,0,0.22139,0,0,23.26522,0.66747,2.53192,0,0.29382,3.05719,0.88019,4.41645,9.70728,0,0.19495,0.01878,2.42493,0,0,23.70716,0.00351,0.98756,0.20344,0.34519,0.30093,1.01669,0.61932,0,0,4.11528,0,1.81031,3.73709,0,0,0.11459,0,0,0,0,0.00453,0,0.16569,0,0,0.42282,0.28357,0.02268,0,0,0.08146,13.3441,0
"PD.20.HC",0,0.26405,0.03251,0.03546,0,0,23.46532,1.79019,0,0,0,11.09607,7.57614,0,13.3531,0,0.19135,0,0,0,0,14.50976,0.00529,0.22717,7.65034,0.19078,0.19383,1.61317,0.05037,0.20653,0,3.85248,0,2.7096,10.40918,0,0,0.00244,0,0,0,0.18119,0.03991,0,0,0,0,0.0961,0,0.06019,0,0,0,0.19747,0
"PD.20.PC",0,0.46211,0.00584,0,0,0,53.48707,0,0,0,0.16932,1.25174,0,0,5.97468,0,0.00743,0,0,0,0,16.69461,0,0.26925,0.021,0,0.1766,2.72433,1.38009,0.14161,0,3.56931,0,0.21893,10.82876,0,0,0,0,0,0,0,0.08609,0,0,0,0,0.10939,0,0,0,1.45492,0,0,0
"PD.20",0,0,0.26458,0,0.21814,0,30.58739,0,0,0,0.54315,12.66867,0,0.134,7.00007,0,0.83457,0,1.13856,0,0.00712,4.28792,0.42301,3.8367,0.41327,0.7042,2.91326,7.90176,1.15507,0.94897,0.44801,1.13084,0,4.00532,16.96358,0.15908,0.03343,0,0.10385,0,0,0,0.11656,0,0,0,0,0,0,0,0,0,0,0.99753,0
"PD.21.HC",0.36639,0.0508,0,0,0,0,27.60593,0.24229,3.21602,0,4.84284,16.49175,0,0,18.40276,0,0.0382,0,0.01449,0,0,12.15032,0,0.48376,0,0.06033,0.34635,1.62001,0.10936,0,0,0.59322,0,0.53786,1.73029,0,0,0,0,0.10284,0,0,0,0.02033,0,0.02423,0.07105,0.08608,0,0.13465,0,0,0,10.64305,0
"PD.21.PC",0,1.15137,0,0.16519,0,0,64.26676,0.57732,2.53534,0,0,3.52605,5.95424,0,9.38263,0,0,0,0,0,0,3.70048,0.03203,1.09469,0.27426,0.21194,0.57213,0.12526,0.34324,0.20618,0,1.39217,0.13861,0,0.68252,0,0,0,0,0,0,0,0,0,0,0,1.12001,0.36995,0.46173,0.10273,0,0,0,0.01603,0
"PD.21",0,1.81868,0.08145,0.14175,0,0,50.63133,0,0,0,0.04403,5.08687,0,0,16.35459,0,0.06653,0,0.00387,0.00842,0.00815,3.61732,0.00523,0.87146,0.15112,0.17778,0.13066,0.81578,0.92647,0.06059,0.02393,1.45176,0,0.14193,0.43838,0,0,0,0,2.67015,0,0,0.04315,0,0,0,3.00844,0.38037,0,0,0,0,0,10.657,0.18279
"PD.22.HC",0,0,0,0,0,0,41.94149,0.29943,0,0,0.99398,3.02894,0,0,18.92449,0,0,0,0,0,0,26.61004,0.00968,0.33505,0.02911,0.08585,0.42092,0.61242,0.20239,0,0.05509,2.22884,0,0.45434,3.33806,0,0,0,0,0,0,0,0,0.20545,0.07299,0.10557,0,0,0,0,0,0,0,0.04587,0
"PD.22.PC",0,0.38025,0,0.10763,0,0,17.45188,2.85941,0.59191,1.1125,0.84017,3.096,4.49383,41.41933,9.38009,0,0,0,0,0,0,3.10394,0,0.6654,0.26848,0.32246,0.30865,1.8539,0.02358,0,0,4.22796,0,0.18744,6.96773,0,0,0,0,0,0,0,0,0,0,0,0,0.06755,0.08235,0,0,0,0,0.08011,0
"PD.22",0,0,0.05126,0,0,0,51.42425,1.24669,0,0,0.408,2.92315,0,0,15.72115,0,0,0,0.1013,0,0,3.2338,0.01057,0.40654,0.0632,0.16337,0.00335,1.05635,0.38885,0.1408,0,1.75665,0,0.25454,2.02754,0,0,0,0,0,0,0,0,0.11379,0.16366,0.2717,0,0,0,0,0,0,0,18.06947,0
"PD.23.HC",0,0.27486,0.04032,0.23591,0,0,36.74137,4.34649,10.98264,0,1.28627,3.99063,0,0,8.13842,0,0,0,0.01489,0,0,1.75229,0.01359,0.97791,0,0.2261,0.51473,0.09736,0.74513,0.05698,0.30261,1.06047,0.11156,3.61038,16.44497,0,0,0.06134,0,0,0,0.81371,0,0.1972,0.1046,0.26214,0,0.4834,0,0.50475,0,0,0,5.58906,0
"PD.23.PC",0,0.17469,0.00097,0.03129,0,0,83.09077,0,0,0,1.1279,1.29071,0,0,1.50184,0,0.19908,0,0,0,0,3.89665,0.01677,0.27451,1.09877,0.15224,0.16714,0.38713,0.04414,0.23605,0.02452,1.86794,0,0.22653,0.28131,0,0,0,0,0,0,0,0.08758,0,0,0,0.57472,0.05318,0,0,0,0.13131,0,2.9484,0
"PD.23",0,0.55845,0.01133,0.52282,0,0.03826,16.53466,2.35935,6.74992,0.0058,0.30363,2.06287,0.6302,19.19131,8.62627,0.31235,0.20646,0.01997,0.00963,0,0.00213,2.05084,0.01562,0.53864,0.11625,0.76157,0.34115,0.70282,2.20357,0,0,0.70664,0,0.57545,2.30737,0,0,0,0,27.66819,0,0,0,0.06025,0.01006,0.05039,0,0.64383,0.34025,0.64669,0,0,0,1.97653,0
"PD.24.HC",0,0,0.05447,0,0.19367,0.00984,60.24508,0,0.46706,0.07847,0,1.58335,0,0,6.05026,0.24106,2.01102,0.05678,0.551,0.00802,0.00589,7.67354,0.00711,5.4479,0.32388,0.02201,0.98196,1.90693,0.99207,0.05732,0.05704,0.44298,0,2.08995,6.84525,0.52262,0.25916,0.1276,0,0,0,0,0,0,0,0,0,0,0.14061,0.11295,0,0,0,0.42141,0
"PD.24.PC",0,3.14847,0,0.51407,0,0,50.72465,2.51772,0,0,0,2.2673,6.43709,0,1.41106,0,0.10938,0,0.0612,0,0,7.58561,0,1.97655,3.12815,0.81461,0.34476,4.09933,0.03056,0.86586,0,2.44863,0,3.8209,3.52016,0,1.66778,0,0,0,0,0.64242,0,0.35841,0,0,0,1.21727,0,0.03555,0,0.11426,0,0.02923,0.07619
"PD.24",13.83964,0,0,0.41321,0.0345,0,18.37778,0.43971,0.11378,0.01116,24.95241,5.92315,0,0,5.83374,0,0,0,0.64274,0,0.00978,0.14482,0.01321,4.72573,0.08918,0.02927,0.63315,0.02879,0.98294,0,0.00132,0,0,8.29841,7.558,0.19349,1.95697,0,0,0,0.20086,0,0,0.02366,0,0.02598,0,0.3896,0.06963,2.70224,0,0,0.0571,0,0
"PD.25.HC",0,0,0,0,0,0,56.26305,0.72843,0,0,1.18329,6.61553,0,0,8.8684,0,0.00501,0,0,0,0,5.30432,0.04228,1.43127,9.10438,0.22414,1.14166,1.24518,0.04514,0,0,3.07372,0.02738,0.62962,1.73966,0,0,0,0.00203,0,0,0,0.01402,0,0,0,0,0.00659,0,0,0,0.0162,0,0,0
"PD.25.PC",0,0,0.00633,0.22451,0,0,37.16538,0.70178,0,0,0.4768,4.88793,0,0,9.1085,0,0.29242,0,0,0,0,13.2852,0.0293,0.91839,7.16762,0.34756,0.53353,5.82189,0.07351,0.11605,0,10.56365,0,4.34741,2.48496,0,0,0,0,0,0,0,0.71766,0,0,0,0,0,0,0.0146,0,0.33946,0,0.34606,0.02948
"PD.25",0.44732,0,0,0.0387,0,0,50.80057,4.83252,0,0,4.17798,3.86321,0,0,13.56498,0,0.13656,0,0.11506,0,0,0.08366,0,0.41367,0,0.10976,0.47043,0.05124,0.91674,0,0,3.62143,0.31015,2.33679,11.09613,0,1.51923,0,0,0,0,0,0,0,0,0,0,0.10679,0.19189,0,0,0,0,0.63096,0.02009
"PD.26.HC",0,2.92767,0,0.36918,0,0.01669,44.65494,1.72014,0,0,0.63062,9.38413,0.11521,1.24358,15.23602,0,1.27149,0.02082,0.0626,0.00512,0.10161,2.72301,0.02987,6.00481,0.19875,1.60773,0.21364,0.67971,1.21856,0.17521,0,0.85609,0,0.25107,7.78643,0,0,0.04884,0,0,0.20119,0,0,0,0,0,0.00289,0.11752,0,0,0,0,0,0,0
"PD.26.PC",0,0.28103,0.03781,0.29949,0,0,22.35811,0,0,0,1.75941,9.7318,0,13.99797,30.10943,0,0.07544,0,1.34076,0,0,2.99241,0,0.91754,1.71444,0.69931,0.66342,1.02555,1.21076,0.19836,0,1.9694,0,0.02945,2.90567,0,0,0,0,0,0,0,0,0.00187,1.56946,0.17245,0,1.81314,0.17484,0.31404,0,0.00282,0,1.63385,0
"PD.26",0,18.87974,0,0.43799,0.27755,0.02387,15.64936,0,0,0,0,1.88913,0.04623,0,2.57099,7.64806,1.89553,0,0.29217,0.63449,0.02104,0.3874,0,8.72801,0,0.07,0.83624,0.33177,0.68063,0,0,0,0,0,11.71759,0,0.238,0,0,13.34949,0.11497,0,0,0,0,0,0.07232,0.09531,0.01469,3.19808,0.60889,0,0.35166,0,0
"PD.27.HC",0.65589,0.15969,0,0,0,0,31.29611,0.96024,3.82782,0.13762,2.12591,2.94448,13.24728,0,15.12588,0.03324,0.61639,0,0,0,0,9.48077,0,0.47158,0.23134,0.30428,0.36328,0.73574,0.37858,0.1104,0,0.95021,0,1.06859,7.84673,0,0.00486,0,0,0,1.59633,0,0.7266,0,0.0204,0,0.6371,0.02229,0.28778,1.6939,1.17612,0.08375,0,0.43587,0
"PD.27.PC",8.4418,1.76088,0.08438,0.43705,0,0,31.38828,0.75951,3.78673,0,1.23983,3.56908,0,0,9.1853,0,0.10501,0,0,0,0,3.47994,0.81239,0.99705,0.05849,0.18106,0.38942,2.00663,0.07052,0.15057,0,5.17288,0,1.81038,7.36436,0,0,0,0,0,0,0,0,0.01179,0,0.12342,0,0.06587,0.1628,0.04945,0,0.05716,0,16.27794,0
"PD.27",0.02232,0,0,0,0.52496,0,31.3806,0.96511,4.35597,0,0.12861,6.74865,0,0,30.35931,0.20111,0.05056,0,5.95574,0.01872,0.01442,0.03848,0.06807,3.02006,0.01376,0.04198,0.10856,0.57891,1.0774,0,0.14885,0.36177,0,0,8.10345,0,1.81904,0.04925,0,0,0,0,0.02996,0,0,0,0,0.66255,0,0.06011,0,0,0,1.82773,0
"PD.28.HC",0,0.02249,0,0,0.02546,0,44.27161,0,0,0,0.19455,9.39223,0,0,16.141,0,0.05154,0,0.01472,0,0,21.31971,0,1.9006,0,0.2459,0.28535,0.30112,0.4748,0,0.0409,1.1124,0.05346,0,1.29184,0.01075,0,0,0,0,0,0,0,0.23717,0,0.04816,0,0,0.67803,0,0,0,0,1.86233,0
"PD.28.PC",2.11591,0.28953,0,0.04035,0,0,19.67855,0.19087,3.38747,0.01131,0,1.24219,0,12.58668,5.08473,0,0.03444,0,0,0,0,1.97649,0.03719,0.1737,0.1155,0.27611,0.03253,0.58082,0.05041,0.10169,0,1.78897,0,0.34742,2.29754,0,0,0,0,0,0,0,0,0,0.07265,0,0,0.07728,0,0,0,0,0,3.87289,0
"PD.28",0,0.10552,0,0,0,0,77.24841,0.03221,0,0,1.58024,4.77417,0,0,8.75745,0,0.16645,0,0.08333,0,0,0.12567,0.0013,0.36535,0.11885,0.12971,0.10183,0.62048,0.01686,0,0,1.72002,0,0,1.53399,0,0,0,0,0,0,0,0.99474,0.04106,0,0.08156,0,0.51024,0,0.63207,0.01662,0.08438,0,0,0.1575
"PD.29.HC",0,0,0.2953,1.20808,0.2082,0.03235,27.30303,0,0.21291,0.01412,0.5951,0.60644,0,0,2.20045,0.77929,6.3591,0,4.926,0,0,32.35088,0,3.16933,0.76815,0.91431,2.47771,5.75625,0.20398,0,0,0.56953,0,0,7.05013,0.01826,0.0229,0,0,0,0,0,0,0,0,0,0,0.0256,0,1.78448,0,0,0,0.12285,0
"PD.29.PC",0,0,0.02297,0,0,0,53.92631,0,0,0,3.46535,15.43813,0,0,12.07831,0,0,0,0,0,0,0.93343,0.00604,0.6855,0.04366,0.44938,0.4618,1.79316,0.19535,0.08113,0,2.12937,0,1.00441,0.86611,0,0,0,0,0,0,4.43038,0,0,0.01927,0,0.4916,1.11444,0,0,0,0,0,0.24015,0.12374
"PD.29",0,0.76812,0,1.3329,0.25458,0.00574,17.95912,0,0,0,0,0.00298,0,0,0,0,13.38149,0,3.85873,0.02736,0.11789,0,0.2598,10.85677,0,0.00518,0.18991,0,0.27504,1.58322,0.22476,0,0,0,0.17374,0.43393,0.31783,0,0,0,0,0,39.49982,0,0,0,0,0,0,0.7789,0.04375,0,0,0,1.50985
"PD.2.HC",0.83846,1.01635,0,0.11615,0,0,33.2443,8.55588,5.89063,0.13127,0.15753,1.8563,0,0,13.27455,0,0,0,0,0,0,18.22803,0.03784,0.37982,0.22432,0.35766,0.53991,0.54191,0.44172,0,0,4.89582,0,2.97654,5.30772,0,0,0.01212,0,0,0,0,0,0,0.19372,0,0,0.26369,0,0,0,0,0,0.51776,0
"PD.2.PC",0,0.01986,0,0.15801,0,0,62.76275,0.5344,0.5779,0.04004,1.79919,7.37081,0,0,10.20849,0,0.04179,0,0.00233,0,0,5.21093,0.085,1.55279,0.53156,0.02863,0.1726,2.21617,0.37626,0,0,2.82098,0,0.24714,1.05704,0,0,0.00378,0,0.16216,0,0,0.01493,0.46064,0,0.34804,0,0.48392,0,0,0,0.51047,0,0.20141,0
"PD.2",1.86341,6.22033,0.13306,2.84716,0.00879,0.14875,19.11897,2.63233,0,0,0,1.89418,0,0,20.27522,0.04805,0.46217,0.07923,0.72129,0.1228,0.05357,2.80582,2.91951,3.57002,1.30825,0.5549,1.19378,0.32869,1.24841,0.30206,0.4246,3.79206,0.12187,7.49105,14.56381,0,0.01139,0.05257,0.00484,0,0,0,0,0,0.07643,0.1445,0,1.00256,0,0.10009,0,0,0,1.3535,0
"PD.30.PC",0,0,0,0.09118,0,0,68.1422,0.49266,4.50207,0.02811,0,4.23619,0,0,6.94284,0,0,0,0,0,0,4.03426,0,0.41087,0,0.34908,0.2479,1.64979,0.00457,0,0,0.98827,0,0.08857,4.37807,0,0,0,0,0,0.44679,0,0,0,0,0,0,0.13277,0,0,0,0,0,2.01036,0
"PD.30",1.73888,0,0.10043,0,0,0,28.71417,1.03241,0,0,0.21885,0,0,0,32.19934,0.00662,1.29781,0,3.16719,0,0,13.88112,0.02438,0.70187,0.62447,1.39845,0.24853,1.33429,0.31495,0,0,6.03133,0,1.70618,3.91527,0,0.11133,0,0,0,0,0,1.13841,0,0,0,0,0,0,0,0,0.09376,0,0,0
"PD.31.PC",0,0,0,0.17053,0,0,68.09888,0.11663,0,0,1.14459,3.73547,0,0,2.8401,0,0,0,0,0,0.00341,10.57028,0.0702,0.21926,0.18899,0.40438,0.28009,6.88611,0.17023,0,0,2.87024,0,0,0.71414,0,0,0.04296,0,0,0,0,0,0,0,0,0.79013,0.19074,0,0,0,0,0,0,0
"PD.31",0,1.20405,0.13649,1.28106,0,0.01629,19.89245,4.22571,0,0,1.80584,8.8342,0.18148,0.54282,13.77102,0,0.07071,0,0.95839,0,0,2.9434,0.01175,2.21097,0.01059,0.3024,0.23785,0.42702,2.05892,0.18898,0.18258,0.67882,0,0.2013,8.16401,0,0.27349,0.0029,0.00196,0,0,0.89967,0,0.01817,0,0.11606,0,0.84995,0.37442,0.86896,16.45066,0,0,9.4761,0
"PD.32.PC",0,0.03683,0.04817,0.41796,0,0.02318,35.32987,0,2.97936,0,0.08535,1.96089,0,0,25.88233,0,0,0,0.04581,0,0,2.933,0.05479,0.73719,0.05227,0.6372,0.05406,0.55092,0,3.19554,0.04112,1.33395,0,3.68052,10.9352,0,0.04935,0.01473,0.00286,0,0,8.39131,0,0,0,0,0,0,0,0.04689,0,0,0.08422,0.35712,0
"PD.32",10.38393,16.41455,0.01195,1.54036,0.13725,0.01651,30.10611,0.01808,0.45493,0.04644,0.21997,1.52471,0,0.02823,3.93496,0.39198,2.12654,0,0.19374,0,0,0.29363,0.00691,0.89842,0,0.1054,1.30564,0.06623,0.68396,0.04244,0.03794,0,0.02304,3.58983,7.17539,0,0.01426,0,0,0.00193,0,0,0,0,0.09598,0,0,0,0,0.65511,0,0,0,15.97201,0.00996
"PD.33.PC",0,0,0.04376,0.19721,0,0,39.90359,0.65651,6.46725,0.32297,2.197,0.64819,0,0,6.26035,0,1.11056,0,3.89819,2.86904,0,13.30709,0.39744,1.07081,0.62258,0.72647,0.92761,1.59436,0.0642,0.1309,0,5.38356,0,0.84258,1.55986,0,0,0,0,0,0,0,0.16443,0.07287,0,0.04797,1.52266,0.02963,0,0.06448,0,0.42838,0,0,0
"PD.33",0,0.09608,0,0.08941,0.03339,0,88.94695,0,0,0,0,0,0,0,5.12779,0,0,0,0.04476,0,0.12769,1.95665,0.00971,0.31118,0,0.091,0.20776,0.04257,0.23945,0.04101,0,1.57256,0.13489,0,0.26473,0,0,0.03392,0,0,0,0.39396,0,0,0,0.01831,0,0.10474,0,0,0,0,0,0.11147,0
"PD.34.PC",0,0.97295,0.00706,0.44042,0,0.00143,12.56279,0.71942,0.45964,0,0.3959,0.36542,0.93955,50.67931,0.23206,0,0.18175,0,0,0,0,3.15126,1.41691,0.84664,14.42887,0.42982,0.71019,1.07952,0.02691,0.17241,0,2.58539,0,0,2.24011,0,0,0,0,0,0,0,0,0,0,0,0.79533,0.04926,0.01492,0,0,0,0,4.09475,0
"PD.34",0,12.47019,0,0.1008,0,0,30.38791,0,0,0,0,4.45021,17.11019,2.20389,0,7.83515,1.07433,0,0,0,0,0,0,0.17157,0,0,0.08405,0.29193,0,0.36149,0,0,0,0,0,0,0.00721,0,0,16.08669,0.16396,0,0.99476,0,0,0,0.03923,0.05859,0.08912,1.53495,0.28279,0,0,0.00164,0.04015
"PD.35.PC",0,6.49783,0.19786,1.01675,0,0,26.579,2.68276,0,0.63051,0,5.26359,4.08951,1.64366,1.00479,0,0.0332,0,0.21143,0,0,13.14696,0.09312,3.42683,2.8543,5.7701,1.34797,3.0215,0.26081,0.17929,0,6.52416,0,6.93912,5.49994,0,0,0.07437,0,0,0,0,0,0,0,0,0,0,0,0,0,0,0,1.01066,0
"PD.35",10.42115,0.67705,0.09412,3.24092,0.01631,0.00153,10.95282,0.5307,1.21635,0,0.02369,3.44519,0,0.20471,4.43901,0,0.23342,0,0.09968,0,0,10.01647,3.18483,4.55731,1.28032,1.06185,4.50002,1.49661,0.54487,0,0.8269,1.3519,0.01688,2.04073,14.35662,0,0,0.09069,0,0,0,0,0,0.01891,0.11346,0,0,0.55713,0.36971,0,0,0,0,17.81979,0
"PD.36.PC",0,0,0,0.12566,0,0,15.75261,1.02259,6.51739,0.06442,2.86435,3.95927,0,1.55044,14.72242,0,0,0,0,0,0,33.12362,0.13393,0.84153,0.54186,0.50767,0.63528,0.36992,0.20511,0.1863,0,5.27434,0,1.98778,3.60776,0,0,0.00848,0,0,0,0,0,0,0,0.30752,3.46159,0.10628,1.06928,0.03059,0,0,0,0,0
"PD.36",0,0,0.20576,0,0.88349,0.06525,28.45933,0,2.94975,2.21217,0.53823,3.68846,0,0,15.88205,0,0.35187,1.35509,9.57166,0.00353,0.11884,0.58557,0.23447,6.7462,0,0.69105,0.79903,0.03682,0.18943,1.50005,0.00458,0,0,0,20.60432,0.17066,0.68405,0.2038,0,0,0,0,0,0,0,0,0,0.66434,0,0.02907,0,0,0,0,0
"PD.37.PC",0,0.58419,0.07459,0.61859,0,0,40.87094,0,0.19133,0.50037,0,6.85016,1.23405,0,7.86115,0.06287,0.18617,0,0,0,0,6.58519,0,4.28797,0.33247,3.42191,0.29,4.35548,0.38638,0.10941,0,2.68506,0.09223,5.73847,4.59069,0,0,0,0,7.69249,0,0,0,0,0,0,0.03758,0.23709,0,0.10781,0,0,0,0,0
"PD.37",0,6.33512,0.57147,0,0.0703,0.03223,47.19637,2.18127,4.17506,0,0.25402,4.16935,0,0,15.06977,0,0.12074,0.00544,0.49841,0,0.11995,7.65479,0.24339,0.61999,0.25447,0.15097,1.04193,2.31123,0.79637,0.02736,0.01053,3.11635,0,0.05265,1.4445,0,0.01572,0,0,0,0,0,0,0.07947,0,0.02688,0,0.26144,0.02004,0.04343,0.0417,0,0,0.98728,0
"PD.38.PC",0,0.58035,0.03458,0,0.33309,0,50.43433,0,0,0,0.07428,1.58191,0,0,4.11291,0,1.0998,0,0.02877,0,0,15.5868,0.42996,7.54036,1.22439,0.28997,1.84019,0.89667,0.07609,0,0,7.55857,0.03324,3.60556,2.20068,0,0,0.0367,0,0,0,0,0,0,0,0,0.25839,0.1424,0,0,0,0,0,0,0
"PD.38",0,0.45181,0,2.44391,0.02314,0,48.18188,0,0,0,0.10205,9.55791,0,0,16.06798,0,0.42344,0,0.3738,0,0.03293,4.02355,0.23803,6.68575,0.02882,1.94375,1.15849,0.04021,0.84524,0,0.01331,0,0.28478,3.7978,0.15747,0.0598,0,0.011,0,0,0,2.12673,0,0,0,0,0,0.52937,0,0.39704,0,0,0,0,0
"PD.39.PC",0,0.15739,0,0,0,0,0,0,0,0,7.18151,50.97399,0,0,0,0.6135,0.01758,0,7.86357,0.10075,0.28969,13.41879,0.08281,3.1805,0.22239,0.49919,0.41541,1.81995,1.32153,3.88586,0,0.04418,0,0,2.96897,1.66887,1.08931,0.3769,0.03958,0,0,0,0.16335,0,0,0,0,0,0,1.12629,0,0,0,0,0
"PD.39",0.91533,0.02772,0,0.18815,0,0,55.49725,3.8178,0.99111,0,0.05233,2.45144,0,0,10.71994,0,0.15274,0,0,0,0,1.85912,0.06808,0.91677,9.56051,0.46839,2.38833,1.51516,0.02227,0.11004,0,1.43288,0,0.53921,4.01607,0,0,0,0,0,0,0.16159,0.07128,0,0.00616,0,0,0.11189,0,0,0,0.13223,0,0.19597,0
"PD.3.HC",0,0.02841,0,0.01604,0,0,14.94279,0.49984,3.24825,0,0.60487,6.31192,9.86485,46.92262,2.90926,0,1.31391,0,0.04021,0,0,4.80783,0,0.24147,0,0.65306,0.05539,1.36112,0.26097,0.22299,0,1.50842,0,0.67062,0.81592,0,0,0,0,0.93365,0.5384,0,0.45978,0.17757,0,0.01224,0,0.06839,0,0,0,0.32724,0,0.10009,0
"PD.3.PC",0,0,0,0,0.05572,0,81.94498,0,3.13799,0.93465,0.21108,5.25372,0,0,3.14529,0,0,0,0.00932,0,0,0,0,0.27455,0,0,0,0,0,0.0307,0,0,0,0,0.77734,0.10078,0.01179,0,0,0,0,0,0.75327,0.03639,0,0.06245,0,0.21967,0,0.08065,0.52866,0,0,0,0
"PD.3",3.5492,0.07523,0.12576,1.36844,0.03164,0,23.64126,0.53588,3.65663,0.01457,0.60331,3.08185,0.01621,0,7.8531,0,0.15879,0.04236,0.05308,0,0.01056,5.51274,0.06155,5.55822,0.29116,2.07563,1.84174,0.6365,0.38422,0,0.05011,3.36177,0.01563,8.7658,17.59354,0,2.69342,0.01555,0,1.63532,0.36264,0,0,0.02574,0.11895,0,0.06089,0.34334,0.09735,2.20931,0,0,0.07055,0.91207,0
"PD.40.PC",0,0.2728,0,0.0293,0,0,47.24866,0.25174,3.71832,0,0.47882,1.25435,0,0,5.59219,0,0,0,0.03254,0.00317,0,6.91043,0.0421,1.68813,7.2131,0.24437,12.04815,3.23751,0.29699,0.05612,0.05283,4.03238,0,1.01196,2.54049,0,0,0.02584,0,0,0,0.53108,0.04993,0,0.03108,0.00215,0,0,0.06122,0.2612,0.00845,0.04886,0,0,0
"PD.40",2.4966,0.11125,0,0.63924,0,0,16.31788,0.27993,6.94957,0.09907,0.25894,1.57628,1.67346,23.12115,24.68167,0.00926,0.0153,0,0.08368,0,0,3.31499,0.19627,3.50065,0.20533,1.34243,0.18579,1.97917,0.0485,0.97914,0,3.77581,0,0.06203,4.25881,0,0,0,0,0,0,0,0.45624,0,0,0,0,0.08235,0.06375,0.07317,0.04448,0.65813,0,0.05797,0.17321
"PD.41.PC",5.02255,6.32991,0.0164,5.35928,0,0,4.45197,0.41407,0.94463,0,0,0.68702,0,3.35151,8.78323,0,0,0,0.9327,0,0,12.18272,0.07571,3.67033,0.78315,2.70637,1.76668,3.56709,0.52866,1.13214,0,2.13791,0.00889,3.10233,29.05164,0,0.00473,0.00487,0,1.67715,0,0,0,0,0.00469,0,0,0,0.51581,0,0,0,0,0,0.22771
"PD.41",0,6.23975,0.18606,4.42442,2.04256,0.16729,2.33613,0,0,0,0,0.37751,0,0,0.1848,0,14.78665,0,2.05105,0,0,32.34344,4.05983,13.68003,0,1.12256,2.00197,1.33001,0.11245,0.01421,0,0,0,1.96826,3.65409,4.67283,1.65435,0.00117,0,0,0,0,0,0,0,0,0,0.08395,0,0.07811,0,0,0,0.03297,0
"PD.42",0,0,0.04797,0.29917,0,0,30.66652,0.01512,0,0,0.84948,2.18562,0,0,11.24679,0.08686,0.25414,0,0,0,0,30.59834,0.02101,0.86285,0.39137,0.6596,0.62985,1.82361,0.07685,0,0.17085,4.09996,0,1.21428,6.02901,0.01866,0,0,0,0,0,0,0.0379,0.05151,0.12538,0.15715,0,0.17038,0,0,0,0.16729,0.09424,6.94827,0
"PD.43",0,0,0.28326,0.75297,0.13445,0.1559,47.47173,0,0,0,0,0,0,0,8.41104,0.0115,0.87744,0,0.05503,0,0.01839,8.31686,0.04162,4.78273,2.23227,1.17083,0.58705,1.05328,1.19903,0.05563,0.04454,4.21371,0,7.45213,4.06052,0.02535,0.01039,0.00983,0,0,0,0,0,0,0,0,0,0.15095,0.08749,0.89526,0,0,0,4.48727,0.93986
"PD.44",5.98519,0,0.12029,2.61119,0.0625,0.07694,9.54278,0.35844,2.09747,0,6.871,1.15534,0,0.17557,5.08034,0,0.29558,0,0.00692,0,0,16.24782,5.00117,4.89549,3.94836,1.57201,2.22931,11.17133,0.08263,0.13431,0.34866,0.47455,0,4.37694,13.27128,0,0.0151,0,0,0,0,0,0.01452,0,0,0,0,0.05769,0.15163,0.30687,0,0,0,0.27662,0
"PD.45",0,0,0.50657,0,0.83133,0.37094,17.50066,0,0,0,0.34175,1.12966,0,0,7.65199,0,0.58407,0.12769,2.98408,0,0.01924,20.22349,1.30899,7.45664,0,0,3.05277,2.25988,0.01313,2.23297,0,0,0,26.79385,0.64041,1.99544,0.64918,0.0885,0,0,0,0,0.03791,0,0,0,0.02618,0.08294,0,0.29083,0,0,0,0,0
"PD.46",0,0.56002,0.22724,2.53956,0.14945,0,9.3817,0.33633,2.33152,0.00206,0.03625,1.95661,0,0.22335,16.68485,0.0121,0.26567,0,0.10467,0,0,8.44492,0.06786,5.25876,3.15326,6.18439,2.23817,3.26151,0.07423,0.05756,0,1.00952,0,21.28659,5.33034,0.00899,0.0109,0.06879,0,0,0,0,0,0,0,0,0,0,0,0,0,0,0,8.5474,0.12156
"PD.47",0,0,0.00599,0.47914,0,0,43.9776,0,2.93962,0.83803,0.39703,4.64649,8.05149,0,2.99114,0,0.19337,0,0.00547,0,0.02012,10.29479,0.00138,1.72,0.62562,0.57768,1.38797,2.8038,0.07447,0.01559,0,7.1433,0,1.26651,1.4825,0,0.02996,0.00542,0,0.38428,0,0,0.22875,0,0,0,0.38637,0.16915,0,0.12755,0,0.04379,0,6.42898,0
"PD.48",2.83155,1.74345,0.06872,0.81926,0.00325,0,7.64691,0.28195,3.87264,0,0.75971,11.87497,2.10942,0,29.7792,0.07927,0,0,0.03248,0,0.00608,6.4159,0.00803,1.70011,0.31523,0.71617,2.45325,1.47847,0.38666,0,0.01242,1.28315,0.00854,0.78247,11.61811,0.01854,0.00402,0.13142,0,0,0,0,0,0,0.06757,0,0.02379,0.34314,0.14362,0.31313,0,0,0.28119,9.32605,0
"PD.4.HC",0.20228,0,0.03864,0.43982,0,0,53.26938,0.24814,6.42337,0,0.83004,8.6527,0,0,7.62585,0,0,0,0,0,0,7.0184,0.12962,1.14648,0.29397,0.23892,0.9334,0.74286,0.37214,0,0,3.8451,0,2.4378,3.06808,0,1.41786,0,0,0,0,0,0.02662,0,0,0,0.32637,0.05118,0,0.02706,0,0,0,0.13042,0.01933
"PD.4.PC",0,0,0,0.07304,0,0,20.42922,0.42293,5.35035,0.03554,0.14687,2.57993,0,0,10.30401,0,0,0,0.03488,0,0.06296,25.09488,0.09352,3.40541,0.48479,1.72253,1.16464,0.51907,0.8643,0,0,4.10782,0,0.28498,4.55148,0,0,0.02797,0,0,0,0,0.01064,0,0.09868,0.07796,3.09052,0.64336,0,0.16792,0,0,0,14.14345,0
"PD.4",0.21286,0,0,0.05378,0,0,12.05045,0.3038,2.5598,0.15486,0.98986,3.39053,0,0,38.42196,0,0,0,0.00927,0,0,1.85122,0.12637,0.43877,0.01466,0.12178,0.22789,1.43605,0.12106,0.08177,0,1.60936,0,0.65048,6.29328,0,0.00658,0,0,0,0,0,0,0.0048,0.01032,0,0.15572,1.28465,0.37803,0,0,0,0,27.04002,0
"PD.5.HC",0,0,0,0,0.07755,0,66.98038,0.35245,0,0,1.60263,2.69744,0,0,15.25436,0,0.06233,0,0.16516,0,0.02219,0.37329,0,1.42257,0.39758,0,0.47423,2.05887,1.03669,0,0.03268,1.613,0,0,1.52859,0.02572,0.06895,0.03991,0,0,0,0.50061,0,0.0062,0,0,0,0.25946,0,0,0,0,0,2.94716,0
"PD.5.PC",0.99432,0,0.14561,0.31085,0,0.01841,35.2006,4.91045,0,0,0.70813,1.65633,0,0,21.82481,0,0,0,0.00546,0,0,10.87776,0.04954,1.86732,1.09314,2.48702,0.13708,2.08178,0.15284,0,0.07817,3.75975,0,4.39756,6.4141,0,0.0206,0,0,0,0,0,0.02476,0.00766,0,0,0,0.17488,0.06905,0.26041,0,0,0,0,0.04651
"PD.5",0.48589,0.98115,0,0.22068,0,0,40.24048,2.60882,13.55178,0.26266,0.60958,4.35855,0,0,14.89849,0,0,0,0.05051,0.2432,0,2.72595,0.00505,0.58182,0.17968,0.25609,0.24578,1.19419,0.09784,0.18354,0,2.09025,0,0,7.76929,0,0.01585,0,0.00573,0,0,0.86684,0,0.09622,0.01745,0.05847,0,0.40423,0.24086,0.67325,0,0,0,3.77984,0
"PD.6.HC",0,0.0294,0,0.19466,0,0,47.45876,0.5511,1.4712,0.01981,1.15497,4.98413,2.1064,0,11.71173,0,0,0,0,0,0,14.41254,0,0.68407,0.13037,0.11143,0.03036,3.42277,0.10346,1.31922,0,4.11395,0,0.67582,3.71198,0,0.10077,0,0.00661,0,0,0,0.04195,0,0,0,0.40545,0.08615,0,0.04814,0,0.2038,0,0,0
"PD.6.PC",1.0461,0.06497,0.05832,0.31762,0,0,23.70208,0.17137,1.1904,0.24331,1.06503,3.11013,0,0,4.23261,0,0,0,0,0,0,7.74346,0.11914,0.67467,0.11616,0.27584,0.2646,2.25484,0.25375,0,0,3.5775,0,2.21506,15.95733,0,0.55675,0,0,0,0,0,0,0.15577,0.07327,0.13337,0,0.05033,0.74123,1.52083,0.23247,0,0.17471,7.88637,0
"PD.6",0.99571,0.98721,0,0.46382,0,0,24.89198,0.43212,0,0.43033,0.17215,5.36708,0,0,8.60498,0,0,0,0,0,0,4.48224,0.15783,1.24336,4.08406,0.58963,1.37814,3.40184,0.20029,0.19803,0,10.22333,0,5.16615,9.98084,0,0.00474,0,0,0.31553,0,1.0275,0,0.01298,0.01778,0,0,0.62507,0.10612,0,0,0,0,14.4366,0
"PD.7.HC",0.5817,0.40918,0,0.45406,0,0,35.24645,2.64479,3.14737,0,1.09346,24.83069,0,0.89005,7.50144,0,0,0,0.03826,0,0,7.274,0,0.75729,0.43917,0.33348,0.9965,0.38597,0.08036,0.06603,0,2.62484,0.01699,0.0416,7.59037,0,0.14887,0,0,0,0,0.41924,0.00503,0.12605,0,0.01063,0,0.10062,0,0,0,0.05005,0,0.29842,0
"PD.7.PC",2.30946,0,0,0.0198,0,0,12.99439,2.92276,2.90484,0.74262,0.9239,2.63343,6.86764,6.70881,11.69283,0,0.06032,0,0.04695,0,0,24.61971,0,1.55959,0.96738,0.07444,0.42679,2.00517,0.23285,0,0,6.18815,0,0.61777,7.92225,0,0.0368,0,0,0.11127,0,0,0,0,0.00485,0.03037,0,0.11101,0.21917,0.33653,0.80031,0.01923,0,1.86159,0
"PD.7",0.86609,0.11193,0.00195,1.23189,0,0,20.26273,2.56923,1.10996,0,0,6.33037,0.0362,0.30486,5.34713,2.21447,0.71568,0,1.03503,0,0,1.41077,0,1.60782,0.38586,0.9947,1.19301,0.22286,0.49085,0.04738,0.26447,2.59326,0,1.12486,38.64727,0,2.18973,0,0,3.72929,0,0,0,0,0,0,0,0.85212,0.60075,1.11339,0.2279,0,0,0.0571,0
"PD.8.HC",0,0,0.0047,0.18133,0.00436,0,38.92761,0,5.55657,0,0.52125,25.24734,0,0,13.36876,0,0,0,0.24741,0,0,4.37882,0,4.67868,0.00236,0.42945,0.15677,1.93856,0.20638,0,0,0.92011,0,1.19307,0.92238,0,0.00958,0,0,0,0,1.01685,0,0.04381,0,0.02019,0,0,0,0,0,0,0,0.02363,0
"PD.8.PC",0,0.07455,0,0.11048,0,0,31.27127,0,0,0,3.27933,10.86839,0,0,10.64097,0,0.01712,0.03855,0,0,0,18.07091,0,0.38893,0.04871,0.21147,0.70374,2.10272,0.63696,0.18066,0,6.75423,0,0.19656,4.59755,0.00835,0,0.06098,0,0,0,0,0.03735,0,0,0,0,0.39168,0,0,0.09961,0.18265,0,8.79601,0.06359
"PD.8",0,0.89219,0,0,0.01501,0,73.79332,0,3.18171,0,0.87974,3.22829,0,0,11.90392,0,0,0,0.1702,0,0,1.01203,0,0.32306,0,0,0.08137,0.20338,0.21281,0.06246,0,1.20799,0,0,0.41867,0.0293,0,0,0,0,0,0.63883,0,0.01957,0.05097,0,0,0.00279,0,0,0,0,0,0,0
"PD.9.HC",0,0.28609,0.00471,0,0,0,56.26846,0.16876,0,0,0,7.65002,0,0,13.04472,0,1.25064,0,0.02816,0,0,8.71802,0,1.42908,0.2493,0.39168,0.10454,0.08244,0.24757,0,0,2.89005,0,0.34172,5.82915,0.01623,0.00273,0,0,0,0,0,0,0,0,0,0,0.19565,0,0.03762,0,0,0,0.60138,0.16125
"PD.9.PC",0.8353,0.42327,0,0.03055,0,0,28.4651,0.46281,3.36039,0.00468,1.41917,7.08692,0.50154,9.45865,20.39425,0,0,0,0.57775,0,0,8.88391,0.03121,1.27222,0.28139,0.4239,1.1565,0.44595,0.25601,0,0,4.65524,0,0.51869,6.29596,0,1.14643,0,0,0,0,0,0,0,0,0,0.20817,0.0278,0.01767,0.87452,0,0,0,0.332,0
"PD.9",0,2.20774,0,0,0,0,0,0,0,0,0,0.01196,0,0,0,5.6186,1.79185,0,19.21162,0,0,0,0,13.87373,0,0,0,0,0,9.25194,0,0,0,0,0,0.5741,0.20166,0,1.6484,0,0,0,18.12877,0,0,0,0,0,0,12.42827,0.11905,11.43552,2.68993,0,0.31896
